-- Extensions
insert into dt_extensions (id, name) values (1, 'base');
insert into dt_extensions (id, name) values (2, '34j');
insert into dt_extensions (id, name) values (3, 'p&d');
insert into dt_extensions (id, name) values (4, 'e&f');
insert into dt_extensions (id, name) values (5, 'pdt');
insert into dt_extensions (id, name) values (6, 'merc');
insert into dt_extensions (id, name) values (7, 'af&as');
insert into dt_extensions (id, name) values (8, 'cs');
insert into dt_extensions (id, name) values (9, 'tdg');
insert into dt_extensions (id, name) values (10, 'prison');
insert into dt_extensions (id, name) values (20, 'goodies1');
insert into dt_extensions (id, name) values (21, 'goodies2');
insert into dt_extensions (id, name) values (30, 'ms');
insert into dt_extensions (id, name) values (31, 'da');
insert into dt_extensions (id, name) values (32, 'fo');
insert into dt_extensions (id, name) values (33, 'cm');
insert into dt_extensions (id, name) values (34, 'tc');
insert into dt_extensions (id, name) values (35, 'verm');
insert into dt_extensions (id, name) values (36, 'mo');
insert into dt_extensions (id, name) values (40, 'goodies3');
insert into dt_extensions (id, name) values (41, 'goodies4');

-- Parameters
insert into dt_parameters (id, name, `default`, configurable) values (1, 'current_turn', 0, 0);
insert into dt_parameters (id, name, `default`, configurable) values (2, 'phase', 0, 0); -- 1: Subscription to the challenge/tournament 2: Placement for challenge/tournament started, 3: Game in process for the challenge/Not used by tournament
insert into dt_parameters (id, name, `default`, configurable) values (201, 'all_round_same_time', 0, 1); -- 0: The round are run one after the other manually. 1: All challenges are created in the same time, players play when they want
insert into dt_parameters (id, name, `default`, configurable) values (202, 'repeat_characters', 0, 1); -- 0: Never / 1: Only alive / 2: Only alive or hurt / 3: Only out alive / 5: Only out alive or hurt / 6: All
insert into dt_parameters (id, name, `default`, configurable) values (203, 'repeat_objets', 0, 1); -- 0: Never / 1: Only alive / 3: Only out alive / 4: Only not out alive / 5: All
insert into dt_parameters (id, name, `default`, configurable) values (301, 'pv', 6, 3); -- 0: None, 1: Mine, 3: Both
insert into dt_parameters (id, name, `default`, configurable) values (302, 'players', 4, 3); -- 0: None, 1: Mine, 3: Both
insert into dt_parameters (id, name, `default`, configurable) values (303, 'show_placement_spawn', 2, 1); -- 0: None, 1: Mine, 3: Both
insert into dt_parameters (id, name, `default`, configurable) values (304, 'show_opponent_cards', 1, 1); -- 0: No, 1: Yes
insert into dt_parameters (id, name, `default`, configurable) values (305, 'random_rooms', 0, 1); -- 0: No, 1: Yes and hidden, 2: Yes and visible
insert into dt_parameters (id, name, `default`, configurable) values (306, 'clever_placement', 1, 1); -- 0: No, 1: Yes
insert into dt_parameters (id, name, `default`, configurable) values (307, 'taking_in_account_for_elo', 1, 1); -- 0: No, 1: Yes
insert into dt_parameters (id, name, `default`, configurable) values (308, 'max_cursed_object', -1, 1); -- -1: No limit, limit count otherwise
insert into dt_parameters (id, name, `default`, configurable) values (309, 'max_flying_characters', -1, 1); -- -1: No limit, limit count otherwise
insert into dt_parameters (id, name, `default`, configurable) values (310, 'max_dragons', -1, 1); -- -1: No limit, limit count otherwise
insert into dt_parameters (id, name, `default`, configurable) values (311, 'max_cycles', 6, 1); -- -1: No limit, limit count otherwise
insert into dt_parameters (id, name, `default`, configurable) values (312, 'time_per_turn', 180, 1); -- -1: No limit, limit count otherwise in second
insert into dt_parameters (id, name, `default`, configurable) values (400, 'player_num', -1, 1); -- -1: Player color
insert into dt_parameters (id, name, `default`, configurable) values (401, 'fight_0', -1, 1); -- -1: Player color
insert into dt_parameters (id, name, `default`, configurable) values (402, 'fight_1', 1, 1); -- -1: Player color
insert into dt_parameters (id, name, `default`, configurable) values (403, 'fight_2', 2, 1); -- -1: Player color
insert into dt_parameters (id, name, `default`, configurable) values (404, 'fight_3', 2, 1); -- -1: Player color
insert into dt_parameters (id, name, `default`, configurable) values (405, 'fight_4', 1, 1); -- -1: Player color
insert into dt_parameters (id, name, `default`, configurable) values (406, 'fight_5', 1, 1); -- -1: Player color
insert into dt_parameters (id, name, `default`, configurable) values (407, 'fight_6', 1, 1); -- -1: Player color
insert into dt_parameters (id, name, `default`, configurable) values (408, 'action_2', 1, 1); -- -1: Player color
insert into dt_parameters (id, name, `default`, configurable) values (409, 'action_3', 1, 1); -- -1: Player color
insert into dt_parameters (id, name, `default`, configurable) values (410, 'action_4', 1, 1); -- -1: Player color
insert into dt_parameters (id, name, `default`, configurable) values (411, 'action_5', 1, 1); -- -1: Player color
insert into dt_parameters (id, name, `default`, configurable) values (412, 'last_action_card', -1, 1); -- -1: Player color
insert into dt_parameters (id, name, `default`, configurable) values (413, 'last_combat_1', -1, 1); -- -1: Player color
insert into dt_parameters (id, name, `default`, configurable) values (414, 'last_combat_2', -1, 1); -- -1: Player color
insert into dt_parameters (id, name, `default`, configurable) values (415, 'score', 0, 1); -- -1: Player PV

-- States
insert into dt_spawns_states (id, name) values (1, 'valid');
insert into dt_spawns_states (id, name) values (2, 'consecrated');
insert into dt_spawns_states (id, name) values (3, 'undead');
insert into dt_spawns_states (id, name) values (4, 'bonusdefense');
insert into dt_spawns_states (id, name) values (5, 'bonusattaque');
insert into dt_spawns_states (id, name) values (6, 'noout');
insert into dt_spawns_states (id, name) values (7, 'healed');
insert into dt_spawns_states (id, name) values (8, 'regenerated');
insert into dt_spawns_states (id, name) values (10, 'cursed');
insert into dt_spawns_states (id, name) values (11, 'acidied');
insert into dt_spawns_states (id, name) values (12, 'poisoned');
insert into dt_spawns_states (id, name) values (200, 'hurt');
insert into dt_spawns_states (id, name) values (300, 'knocked');
insert into dt_spawns_states (id, name) values (301, 'tired');
insert into dt_spawns_states (id, name) values (400, 'freezed');
insert into dt_spawns_states (id, name) values (500, 'dead');
insert into dt_spawns_states (id, name) values (501, 'out');
insert into dt_spawns_states (id, name) values (-1, 'hidden');
insert into dt_spawns_states (id, name) values (-2, 'unplaced');
insert into dt_spawns_states (id, name) values (-3, 'sacked');

-- Character Base
insert into dt_characters (id, name, deplacement, `force`) values (1, 'voleuse', 5, 2);
insert into dt_characters_capacities (character_id, name) values (1, 'woman');
insert into dt_characters_capacities (character_id, name) values (1, 'wallmarker_herse_herseouverte');
insert into dt_characters_capacities (character_id, name) values (1, 'wallmarker_herseouverte_herse');
insert into dt_characters_capacities (character_id, name) values (1, 'walker_fosse_object');
insert into dt_characters_extensions (dtcharacter_id, dtextension_id) values (1, 1);
insert into dt_characters_extensions (dtcharacter_id, dtextension_id) values (1, 2);
insert into dt_characters (id, name, deplacement, `force`) values (2, 'clerc', 4, 2);
insert into dt_characters_capacities (character_id, name) values (2, 'healer');
insert into dt_characters_extensions (dtcharacter_id, dtextension_id) values (2, 1);
insert into dt_characters_extensions (dtcharacter_id, dtextension_id) values (2, 2);
insert into dt_characters_extensions (dtcharacter_id, dtextension_id) values (2, 10);
insert into dt_characters (id, name, deplacement, `force`) values (3, 'magicien', 4, 1);
insert into dt_characters_capacities (character_id, name) values (3, 'flyer_magical');
insert into dt_characters_capacities (character_id, name) values (3, 'spellcaster');
insert into dt_characters_capacities (character_id, name) values (3, 'erudite');
insert into dt_characters_extensions (dtcharacter_id, dtextension_id) values (3, 1);
insert into dt_characters_extensions (dtcharacter_id, dtextension_id) values (3, 2);
insert into dt_characters_extensions (dtcharacter_id, dtextension_id) values (3, 10);
insert into dt_characters (id, name, deplacement, `force`) values (4, 'troll', 2, 4);
insert into dt_characters_capacities (character_id, name) values (4, 'regenerater');
insert into dt_characters_extensions (dtcharacter_id, dtextension_id) values (4, 1);
insert into dt_characters_extensions (dtcharacter_id, dtextension_id) values (4, 2);
insert into dt_characters (id, name, deplacement, `force`) values (5, 'passemuraille', 4, 1);
insert into dt_characters_capacities (character_id, name) values (5, 'wallwalker');
insert into dt_characters_capacities (character_id, name) values (5, 'woman');
insert into dt_characters_extensions (dtcharacter_id, dtextension_id) values (5, 1);
insert into dt_characters_extensions (dtcharacter_id, dtextension_id) values (5, 2);
insert into dt_characters (id, name, deplacement, `force`) values (6, 'guerrier', 3, 3);
insert into dt_characters_capacities (character_id, name) values (6, 'wallmarker_herse_hersebrisee');
insert into dt_characters_extensions (dtcharacter_id, dtextension_id) values (6, 1);
insert into dt_characters_extensions (dtcharacter_id, dtextension_id) values (6, 2);
insert into dt_characters (id, name, deplacement, `force`) values (7, 'gobelin', 4, 1);
insert into dt_characters_capacities (character_id, name) values (7, 'bonusout_1');
insert into dt_characters_extensions (dtcharacter_id, dtextension_id) values (7, 1);
insert into dt_characters_extensions (dtcharacter_id, dtextension_id) values (7, 2);
insert into dt_characters (id, name, deplacement, `force`) values (8, 'mechanork', 3, 2);
insert into dt_characters_capacities (character_id, name) values (8, 'twister');
insert into dt_characters_capacities (character_id, name) values (8, 'ork');
insert into dt_characters_extensions (dtcharacter_id, dtextension_id) values (8, 1);
insert into dt_characters_extensions (dtcharacter_id, dtextension_id) values (8, 2);
insert into dt_characters_extensions (dtcharacter_id, dtextension_id) values (8, 10);

-- Object Base
insert into dt_objects (id, name) values (1, 'corde');
insert into dt_objects_capacities (object_id, name) values (1, 'current');
insert into dt_objects_capacities (object_id, name) values (1, 'walker_fosse_object');
insert into dt_objects_extensions (dtobject_id, dtextension_id) values (1, 1);
insert into dt_objects_extensions (dtobject_id, dtextension_id) values (1, 2);
insert into dt_objects_extensions (dtobject_id, dtextension_id) values (1, 3);
insert into dt_objects_extensions (dtobject_id, dtextension_id) values (1, 4);
insert into dt_objects_extensions (dtobject_id, dtextension_id) values (1, 6);
insert into dt_objects_extensions (dtobject_id, dtextension_id) values (1, 7);
insert into dt_objects_extensions (dtobject_id, dtextension_id) values (1, 9);
insert into dt_objects_extensions (dtobject_id, dtextension_id) values (1, 10);
insert into dt_objects_extensions (dtobject_id, dtextension_id) values (1, 30);
insert into dt_objects_extensions (dtobject_id, dtextension_id) values (1, 31);
insert into dt_objects_extensions (dtobject_id, dtextension_id) values (1, 32);
insert into dt_objects_extensions (dtobject_id, dtextension_id) values (1, 34);
insert into dt_objects (id, name) values (2, 'tresor');
insert into dt_objects_capacities (object_id, name) values (2, 'bonusout_1');
insert into dt_objects_extensions (dtobject_id, dtextension_id) values (2, 1);
insert into dt_objects_extensions (dtobject_id, dtextension_id) values (2, 2);
insert into dt_objects (id, name) values (3, 'epee');
insert into dt_objects_capacities (object_id, name) values (3, 'bonusattaque_1_1');
insert into dt_objects_capacities (object_id, name) values (3, 'forgeable');
insert into dt_objects_extensions (dtobject_id, dtextension_id) values (3, 1);
insert into dt_objects_extensions (dtobject_id, dtextension_id) values (3, 2);
insert into dt_objects (id, name) values (4, 'armure');
insert into dt_objects_capacities (object_id, name) values (4, 'bonusdefense_1');
insert into dt_objects_extensions (dtobject_id, dtextension_id) values (4, 1);
insert into dt_objects_extensions (dtobject_id, dtextension_id) values (4, 2);
insert into dt_objects (id, name) values (5, 'batonbouledefeu');
insert into dt_objects_capacities (object_id, name) values (5, 'fireball');
insert into dt_objects_capacities (object_id, name) values (5, 'magical');
insert into dt_objects_extensions (dtobject_id, dtextension_id) values (5, 1);
insert into dt_objects_extensions (dtobject_id, dtextension_id) values (5, 2);
insert into dt_objects_extensions (dtobject_id, dtextension_id) values (5, 10);
insert into dt_objects (id, name) values (6, 'potionvitesse');
insert into dt_objects_capacities (object_id, name) values (6, 'bonusaction_4');
insert into dt_objects_capacities (object_id, name) values (6, 'magical');
insert into dt_objects_extensions (dtobject_id, dtextension_id) values (6, 1);


insert into dt_objects_extensions (dtobject_id, dtextension_id) values (6, 2);

-- Character P&D
insert into dt_characters (id, name, deplacement, `force`) values (9, 'paladin', 4, 3);
insert into dt_characters_capacities (character_id, name) values (9, '2objects');
insert into dt_characters_extensions (dtcharacter_id, dtextension_id) values (9, 3);
insert into dt_characters_extensions (dtcharacter_id, dtextension_id) values (9, 7);
insert into dt_characters (id, name, deplacement, `force`) values (10, 'illusionniste', 4, 1);
insert into dt_characters_capacities (character_id, name) values (10, 'floormarker_illusioneboulis_2');
insert into dt_characters_capacities (character_id, name) values (10, 'floormarker_illusionfosse_2');
insert into dt_characters_capacities (character_id, name) values (10, 'spellcaster');
insert into dt_characters_capacities (character_id, name) values (10, 'woman');
insert into dt_characters_extensions (dtcharacter_id, dtextension_id) values (10, 3);
insert into dt_characters_extensions (dtcharacter_id, dtextension_id) values (10, 7);
insert into dt_characters (id, name, deplacement, `force`) values (11, 'pickpocket', 6, 2);
insert into dt_characters_capacities (character_id, name) values (11, 'robery');
insert into dt_characters_extensions (dtcharacter_id, dtextension_id) values (11, 3);
insert into dt_characters_extensions (dtcharacter_id, dtextension_id) values (11, 7);
insert into dt_characters (id, name, deplacement, `force`) values (12, 'golem', 2, 4);
insert into dt_characters_capacities (character_id, name) values (12, 'wallmarker_mur-meurtriere-cle-torche-passagesecret_murbrise');
insert into dt_characters_extensions (dtcharacter_id, dtextension_id) values (12, 3);
insert into dt_characters_extensions (dtcharacter_id, dtextension_id) values (12, 7);
insert into dt_characters (id, name, deplacement, `force`) values (13, 'dragonrouge', 0, 6);
insert into dt_characters_capacities (character_id, name) values (13, 'prestigious');
insert into dt_characters_capacities (character_id, name) values (13, 'fireball');
insert into dt_characters_extensions (dtcharacter_id, dtextension_id) values (13, 3);
insert into dt_characters_extensions (dtcharacter_id, dtextension_id) values (13, 7);
insert into dt_characters (id, name, deplacement, `force`) values (14, 'eclaireurelfe', 7, 1);
insert into dt_characters_capacities (character_id, name) values (14, 'fossecrosser');
insert into dt_characters_capacities (character_id, name) values (14, 'elf');
insert into dt_characters_extensions (dtcharacter_id, dtextension_id) values (14, 3);
insert into dt_characters_extensions (dtcharacter_id, dtextension_id) values (14, 7);
insert into dt_characters (id, name, deplacement, `force`) values (15, 'fantome', 3, 0);
insert into dt_characters_capacities (character_id, name) values (15, 'immaterial');
insert into dt_characters_capacities (character_id, name) values (15, 'undead');
insert into dt_characters_extensions (dtcharacter_id, dtextension_id) values (15, 3);
insert into dt_characters_extensions (dtcharacter_id, dtextension_id) values (15, 7);
insert into dt_characters (id, name, deplacement, `force`) values (16, 'maitredarmes', 3, 3);
insert into dt_characters_capacities (character_id, name) values (16, 'seecombatcard');
insert into dt_characters_capacities (character_id, name) values (16, 'woman');
insert into dt_characters_extensions (dtcharacter_id, dtextension_id) values (16, 3);
insert into dt_characters_extensions (dtcharacter_id, dtextension_id) values (16, 7);

-- Object P&D
insert into dt_objects (id, name) values (7, 'cle');
insert into dt_objects_capacities (object_id, name) values (7, 'current');
insert into dt_objects_capacities (object_id, name) values (7, 'wallmarker_herse_herseouverte');
insert into dt_objects_capacities (object_id, name) values (7, 'wallmarker_herseouverte_herse');
insert into dt_objects_extensions (dtobject_id, dtextension_id) values (7, 3);
insert into dt_objects_extensions (dtobject_id, dtextension_id) values (7, 4);
insert into dt_objects_extensions (dtobject_id, dtextension_id) values (7, 5);
insert into dt_objects_extensions (dtobject_id, dtextension_id) values (7, 6);
insert into dt_objects_extensions (dtobject_id, dtextension_id) values (7, 7);
insert into dt_objects_extensions (dtobject_id, dtextension_id) values (7, 10);
insert into dt_objects_extensions (dtobject_id, dtextension_id) values (7, 33);
insert into dt_objects (id, name) values (8, 'anneauteleportation');
insert into dt_objects_capacities (object_id, name) values (8, 'teleportation');
insert into dt_objects_capacities (object_id, name) values (8, 'magical');
insert into dt_objects_extensions (dtobject_id, dtextension_id) values (8, 3);
insert into dt_objects_extensions (dtobject_id, dtextension_id) values (8, 7);
insert into dt_objects (id, name) values (9, 'parchemincharme');
insert into dt_objects_capacities (object_id, name) values (9, 'charming');
insert into dt_objects_capacities (object_id, name) values (9, 'parchemin');
insert into dt_objects_capacities (object_id, name) values (9, 'magical');
insert into dt_objects_extensions (dtobject_id, dtextension_id) values (9, 3);
insert into dt_objects_extensions (dtobject_id, dtextension_id) values (9, 7);
insert into dt_objects (id, name) values (10, 'tueusedragon');
insert into dt_objects_capacities (object_id, name) values (10, 'killdragon');
insert into dt_objects_capacities (object_id, name) values (10, 'forgeable');
insert into dt_objects_extensions (dtobject_id, dtextension_id) values (10, 3);
insert into dt_objects_extensions (dtobject_id, dtextension_id) values (10, 7);
insert into dt_objects (id, name) values (11, 'boucliercontrefeu');
insert into dt_objects_capacities (object_id, name) values (11, 'antifire');
insert into dt_objects_capacities (object_id, name) values (11, 'shield');
insert into dt_objects_extensions (dtobject_id, dtextension_id) values (11, 3);
insert into dt_objects_extensions (dtobject_id, dtextension_id) values (11, 7);

-- Characters Eau&Feu
insert into dt_characters (id, name, deplacement, `force`) values (17, 'elementaireeau', 4, 2);
insert into dt_characters_capacities (character_id, name) values (17, 'walker_water_noobject');
insert into dt_characters_extensions (dtcharacter_id, dtextension_id) values (17, 4);
insert into dt_characters_extensions (dtcharacter_id, dtextension_id) values (17, 7);
insert into dt_characters (id, name, deplacement, `force`) values (18, 'elementairefeu', 4, 2);
insert into dt_characters_capacities (character_id, name) values (18, 'walker_fire_noobject');
insert into dt_characters_extensions (dtcharacter_id, dtextension_id) values (18, 4);
insert into dt_characters_extensions (dtcharacter_id, dtextension_id) values (18, 7);
insert into dt_characters (id, name, deplacement, `force`) values (19, 'magophage', 4, 2);
insert into dt_characters_capacities (character_id, name) values (19, 'magicabsorber');
insert into dt_characters_extensions (dtcharacter_id, dtextension_id) values (19, 4);
insert into dt_characters_extensions (dtcharacter_id, dtextension_id) values (19, 7);
insert into dt_characters (id, name, deplacement, `force`) values (20, 'barbare', 4, 3);
insert into dt_characters_capacities (character_id, name) values (20, 'antimagical');
insert into dt_characters_capacities (character_id, name) values (20, 'bonusspellcaster');
insert into dt_characters_extensions (dtcharacter_id, dtextension_id) values (20, 4);
insert into dt_characters_extensions (dtcharacter_id, dtextension_id) values (20, 7);
insert into dt_characters (id, name, deplacement, `force`) values (21, 'telekinesiste', 5, 1);
insert into dt_characters_capacities (character_id, name) values (21, 'telekinesy');
insert into dt_characters_capacities (character_id, name) values (21, 'spellcaster');
insert into dt_characters_capacities (character_id, name) values (21, 'woman');
insert into dt_characters_extensions (dtcharacter_id, dtextension_id) values (21, 4);
insert into dt_characters_extensions (dtcharacter_id, dtextension_id) values (21, 7);
insert into dt_characters (id, name, deplacement, `force`) values (22, 'prophete', 5, 1);
insert into dt_characters_capacities (character_id, name) values (22, 'prophetie');
insert into dt_characters_capacities (character_id, name) values (22, 'spellcaster');
insert into dt_characters_extensions (dtcharacter_id, dtextension_id) values (22, 4);
insert into dt_characters_extensions (dtcharacter_id, dtextension_id) values (22, 7);
insert into dt_characters (id, name, deplacement, `force`) values (23, 'acrobate', 5, 2);
insert into dt_characters_capacities (character_id, name) values (23, 'acrobatie');
insert into dt_characters_extensions (dtcharacter_id, dtextension_id) values (23, 4);
insert into dt_characters_extensions (dtcharacter_id, dtextension_id) values (23, 7);
insert into dt_characters (id, name, deplacement, `force`) values (24, 'courtisane', 3, 0);
insert into dt_characters_capacities (character_id, name) values (24, 'delightful');
insert into dt_characters_capacities (character_id, name) values (24, 'woman');
insert into dt_characters_extensions (dtcharacter_id, dtextension_id) values (24, 4);
insert into dt_characters_extensions (dtcharacter_id, dtextension_id) values (24, 7);

-- Object Eau&Feu
insert into dt_objects (id, name) values (12, 'bottesseptlieues');
insert into dt_objects_capacities (object_id, name) values (12, 'magical');
insert into dt_objects_capacities (object_id, name) values (12, 'septlieues');
insert into dt_objects_extensions (dtobject_id, dtextension_id) values (12, 4);
insert into dt_objects_extensions (dtobject_id, dtextension_id) values (12, 7);
insert into dt_objects (id, name) values (13, 'parcheminconfusion');
insert into dt_objects_capacities (object_id, name) values (13, 'magical');
insert into dt_objects_capacities (object_id, name) values (13, 'parchemin');
insert into dt_objects_capacities (object_id, name) values (13, 'confusion');
insert into dt_objects_extensions (dtobject_id, dtextension_id) values (13, 4);
insert into dt_objects_extensions (dtobject_id, dtextension_id) values (13, 7);
insert into dt_objects (id, name) values (14, 'parcheminreconstruction');
insert into dt_objects_capacities (object_id, name) values (14, 'magical');
insert into dt_objects_capacities (object_id, name) values (14, 'parchemin');
insert into dt_objects_capacities (object_id, name) values (14, 'reconstruction');
insert into dt_objects_extensions (dtobject_id, dtextension_id) values (14, 4);
insert into dt_objects_extensions (dtobject_id, dtextension_id) values (14, 7);
insert into dt_objects (id, name) values (15, 'anneaurepulsion');
insert into dt_objects_capacities (object_id, name) values (15, 'magical');
insert into dt_objects_capacities (object_id, name) values (15, 'repulsion_1_1');
insert into dt_objects_extensions (dtobject_id, dtextension_id) values (15, 4);
insert into dt_objects_extensions (dtobject_id, dtextension_id) values (15, 7);

-- Characters Pdt
insert into dt_characters (id, name, deplacement, `force`) values (25, 'angelumiere', 5, 1);
insert into dt_characters_capacities (character_id, name) values (25, 'flyer');
insert into dt_characters_capacities (character_id, name) values (25, 'lighter');
insert into dt_characters_capacities (character_id, name) values (25, 'woman');
insert into dt_characters_extensions (dtcharacter_id, dtextension_id) values (25, 5);
insert into dt_characters (id, name, deplacement, `force`) values (26, 'momie', 3, 4);
insert into dt_characters_capacities (character_id, name) values (26, 'undead');
insert into dt_characters_capacities (character_id, name) values (26, 'wallmarker_herse_hersebrisee');
insert into dt_characters_capacities (character_id, name) values (26, 'fireweak');
insert into dt_characters_capacities (character_id, name) values (26, 'woman');
insert into dt_characters_extensions (dtcharacter_id, dtextension_id) values (26, 5);
insert into dt_characters (id, name, deplacement, `force`) values (27, 'dragonmortvivant', 2, 6);
insert into dt_characters_capacities (character_id, name) values (27, 'undead');
insert into dt_characters_capacities (character_id, name) values (27, 'regenerater');
insert into dt_characters_extensions (dtcharacter_id, dtextension_id) values (27, 5);
insert into dt_characters (id, name, deplacement, `force`) values (28, 'goule', 6, 2);
insert into dt_characters_capacities (character_id, name) values (28, 'undead');
insert into dt_characters_capacities (character_id, name) values (28, 'hurtcarrier');
insert into dt_characters_capacities (character_id, name) values (28, 'woman');
insert into dt_characters_extensions (dtcharacter_id, dtextension_id) values (28, 5);
insert into dt_characters (id, name, deplacement, `force`) values (29, 'ombre', 4, 2);
insert into dt_characters_capacities (character_id, name) values (29, 'shadowwalker_1');
insert into dt_characters_capacities (character_id, name) values (29, 'undead');
insert into dt_characters_capacities (character_id, name) values (29, 'die_light');
insert into dt_characters_capacities (character_id, name) values (29, 'woman');
insert into dt_characters_extensions (dtcharacter_id, dtextension_id) values (29, 5);
insert into dt_characters (id, name, deplacement, `force`) values (30, 'vampire', 4, 2);
insert into dt_characters_capacities (character_id, name) values (30, 'undead');
insert into dt_characters_capacities (character_id, name) values (30, 'transformer_chauvesouris');
insert into dt_characters_capacities (character_id, name) values (30, 'blooddrinker');
insert into dt_characters_extensions (dtcharacter_id, dtextension_id) values (30, 5);
insert into dt_characters (id, name, deplacement, `force`) values (31, 'necromancien', 4, 2);
insert into dt_characters_capacities (character_id, name) values (31, 'creator_zombie_3');
insert into dt_characters_capacities (character_id, name) values (31, 'spellcaster');
insert into dt_characters_extensions (dtcharacter_id, dtextension_id) values (31, 5);
insert into dt_characters (id, name, deplacement, `force`) values (32, 'spectre', 4, 0);
insert into dt_characters_capacities (character_id, name) values (32, 'immaterial');
insert into dt_characters_capacities (character_id, name) values (32, 'reincarner');
insert into dt_characters_capacities (character_id, name) values (32, 'undead');
insert into dt_characters_capacities (character_id, name) values (32, 'woman');
insert into dt_characters_extensions (dtcharacter_id, dtextension_id) values (32, 5);
insert into dt_characters (id, name, deplacement, `force`) values (33, 'zombie', 3, 2);
insert into dt_characters_capacities (character_id, name) values (33, 'undead');
insert into dt_characters (id, name, deplacement, `force`) values (34, 'chauvesouris', 6, 0);
insert into dt_characters_capacities (character_id, name) values (34, 'undead');
insert into dt_characters_capacities (character_id, name) values (34, 'flyer');
insert into dt_characters_capacities (character_id, name) values (34, 'transformer_vampire');

-- Object PdT
insert into dt_objects (id, name) values (16, 'anneaulumiere');
insert into dt_objects_capacities (object_id, name) values (16, 'magical');
insert into dt_objects_capacities (object_id, name) values (16, 'lightring');
insert into dt_objects_extensions (dtobject_id, dtextension_id) values (16, 5);
insert into dt_objects (id, name) values (17, 'parchemininversion');
insert into dt_objects_capacities (object_id, name) values (17, 'magical');
insert into dt_objects_capacities (object_id, name) values (17, 'inversion');
insert into dt_objects_capacities (object_id, name) values (17, 'parchemin');
insert into dt_objects_extensions (dtobject_id, dtextension_id) values (17, 5);
insert into dt_objects (id, name) values (18, 'croixsainte');
insert into dt_objects_capacities (object_id, name) values (18, 'magical');
insert into dt_objects_capacities (object_id, name) values (18, 'antiundead');
insert into dt_objects_extensions (dtobject_id, dtextension_id) values (18, 5);
insert into dt_objects (id, name) values (19, 'boulet');
insert into dt_objects_capacities (object_id, name) values (19, 'magical');
insert into dt_objects_capacities (object_id, name) values (19, 'cursed');
insert into dt_objects_capacities (object_id, name) values (19, 'bonus_-1');
insert into dt_objects_extensions (dtobject_id, dtextension_id) values (19, 5);
insert into dt_objects (id, name) values (20, 'anneaufaiblesse');
insert into dt_objects_capacities (object_id, name) values (20, 'magical');
insert into dt_objects_capacities (object_id, name) values (20, 'cursed');
insert into dt_objects_capacities (object_id, name) values (20, 'deplacement_-1');
insert into dt_objects_extensions (dtobject_id, dtextension_id) values (20, 5);
insert into dt_objects (id, name) values (21, 'torche');
insert into dt_objects_capacities (object_id, name) values (21, 'current');
insert into dt_objects_capacities (object_id, name) values (21, 'lighter');
insert into dt_objects_extensions (dtobject_id, dtextension_id) values (21, 5);
insert into dt_objects_extensions (dtobject_id, dtextension_id) values (21, 33);

-- Characters Mercenaries
insert into dt_characters (id, name, deplacement, `force`) values (35, 'naintueurdetrolls', 2, 4);
insert into dt_characters_capacities (character_id, name) values (35, 'dwarf');
insert into dt_characters_capacities (character_id, name) values (35, 'trollkiller');
insert into dt_characters_capacities (character_id, name) values (35, 'wallmarker_herse_hersebrisee');
insert into dt_characters_extensions (dtcharacter_id, dtextension_id) values (35, 6);
insert into dt_characters (id, name, deplacement, `force`) values (36, 'assassin', 4, 2);
insert into dt_characters_capacities (character_id, name) values (36, 'killer');
insert into dt_characters_capacities (character_id, name) values (36, 'woman');
insert into dt_characters_extensions (dtcharacter_id, dtextension_id) values (36, 6);
insert into dt_characters (id, name, deplacement, `force`) values (37, 'dragondore', 3, 6);
insert into dt_characters_capacities (character_id, name) values (37, 'withtresor_neutral');
insert into dt_characters_capacities (character_id, name) values (37, 'prestigious');
insert into dt_characters_capacities (character_id, name) values (37, 'visisble');
insert into dt_characters_extensions (dtcharacter_id, dtextension_id) values (37, 6);
insert into dt_characters (id, name, deplacement, `force`) values (38, 'angesombre', 5, 2);
insert into dt_characters_capacities (character_id, name) values (38, 'flyer');
insert into dt_characters_capacities (character_id, name) values (38, 'undead');
insert into dt_characters_extensions (dtcharacter_id, dtextension_id) values (38, 6);
insert into dt_characters (id, name, deplacement, `force`) values (39, 'berserk', 3, 3);
insert into dt_characters_capacities (character_id, name) values (39, 'fightberserk');
insert into dt_characters_capacities (character_id, name) values (39, 'woman');
insert into dt_characters_extensions (dtcharacter_id, dtextension_id) values (39, 6);
insert into dt_characters (id, name, deplacement, `force`) values (40, 'general', 3, 2);
insert into dt_characters_capacities (character_id, name) values (40, 'bonusfight');
insert into dt_characters_extensions (dtcharacter_id, dtextension_id) values (40, 6);
insert into dt_characters (id, name, deplacement, `force`) values (41, 'samourai', 4, 3);
insert into dt_characters_capacities (character_id, name) values (41, 'fastfight');
insert into dt_characters_extensions (dtcharacter_id, dtextension_id) values (41, 6);
insert into dt_characters (id, name, deplacement, `force`) values (42, 'arbaletrier', 3, 3);
insert into dt_characters_capacities (character_id, name) values (42, 'shooter_3_1');
insert into dt_characters_extensions (dtcharacter_id, dtextension_id) values (42, 6);

-- Objects Mercenaries
insert into dt_objects (id, name) values (22, 'boucliersylvanite');
insert into dt_objects_capacities (object_id, name) values (22, 'shield');
insert into dt_objects_capacities (object_id, name) values (22, 'bonusdefense_1');
insert into dt_objects_capacities (object_id, name) values (22, 'magical');
insert into dt_objects_extensions (dtobject_id, dtextension_id) values (22, 6);
insert into dt_objects (id, name) values (23, 'epeeadeuxmains');
insert into dt_objects_capacities (object_id, name) values (23, 'shied');
insert into dt_objects_capacities (object_id, name) values (23, 'bonusattaque_1_2');
insert into dt_objects_capacities (object_id, name) values (23, 'forgeable');
insert into dt_objects_extensions (dtobject_id, dtextension_id) values (23, 6);
insert into dt_objects (id, name) values (24, 'marteaurunique');
insert into dt_objects_capacities (object_id, name) values (24, 'forgeable');
insert into dt_objects_capacities (object_id, name) values (24, 'bonusattaque_1_1');
insert into dt_objects_capacities (object_id, name) values (24, 'magical');
insert into dt_objects_extensions (dtobject_id, dtextension_id) values (24, 6);
insert into dt_objects (id, name) values (25, 'potionforce');
insert into dt_objects_capacities (object_id, name) values (25, 'potionfight');
insert into dt_objects_capacities (object_id, name) values (25, 'magical');
insert into dt_objects_extensions (dtobject_id, dtextension_id) values (25, 6);

-- Characters CS
insert into dt_characters (id, name, deplacement, `force`) values (43, 'druide', 4, 1);
insert into dt_characters_capacities (character_id, name) values (43, 'spellcaster');
insert into dt_characters_capacities (character_id, name) values (43, 'marker_liane_3');
insert into dt_characters_capacities (character_id, name) values (43, 'marker_ronces_1');
insert into dt_characters_extensions (dtcharacter_id, dtextension_id) values (43, 8);
insert into dt_characters (id, name, deplacement, `force`) values (44, 'enchanteresseelfe', 5, 1);
insert into dt_characters_capacities (character_id, name) values (44, 'spellcaster');
insert into dt_characters_capacities (character_id, name) values (44, 'elf');
insert into dt_characters_capacities (character_id, name) values (44, 'woman');
insert into dt_characters_capacities (character_id, name) values (44, 'marker_livingtree_1');
insert into dt_characters_extensions (dtcharacter_id, dtextension_id) values (44, 8);
insert into dt_characters (id, name, deplacement, `force`) values (45, 'elementairepierre', 3, 8);
insert into dt_characters_capacities (character_id, name) values (45, 'peaceful');
insert into dt_characters_capacities (character_id, name) values (45, 'wallmarker_herse_hersebrisee');
insert into dt_characters_capacities (character_id, name) values (45, 'stoprocher');
insert into dt_characters_capacities (character_id, name) values (45, 'walker_chutespierre');
insert into dt_characters_capacities (character_id, name) values (45, 'destroychutespierre');
insert into dt_characters_extensions (dtcharacter_id, dtextension_id) values (45, 8);
insert into dt_characters (id, name, deplacement, `force`) values (46, 'pondeur', 3, 2);
insert into dt_characters_capacities (character_id, name) values (46, 'creator_rampeur_3');
insert into dt_characters_extensions (dtcharacter_id, dtextension_id) values (46, 8);
insert into dt_characters (id, name, deplacement, `force`) values (47, 'archerelfe', 4, 2);
insert into dt_characters_capacities (character_id, name) values (47, 'elf');
insert into dt_characters_capacities (character_id, name) values (47, 'shooter_2_0');
insert into dt_characters_extensions (dtcharacter_id, dtextension_id) values (47, 8);
insert into dt_characters (id, name, deplacement, `force`) values (48, 'bucheron', 3, 3);
insert into dt_characters_capacities (character_id, name) values (48, 'floormarker_arbre_arbrecoupe');
insert into dt_characters_extensions (dtcharacter_id, dtextension_id) values (48, 8);
insert into dt_characters (id, name, deplacement, `force`) values (49, 'piegevivant', 5, 2);
insert into dt_characters_capacities (character_id, name) values (49, 'transformer_piege');
insert into dt_characters_extensions (dtcharacter_id, dtextension_id) values (49, 8);
insert into dt_characters (id, name, deplacement, `force`) values (50, 'araknis', 4, 3);
insert into dt_characters_capacities (character_id, name) values (50, 'beast');
insert into dt_characters_capacities (character_id, name) values (50, 'woman');
insert into dt_characters_capacities (character_id, name) values (50, 'marker_toile_3');
insert into dt_characters_extensions (dtcharacter_id, dtextension_id) values (50, 8);
insert into dt_characters (id, name, deplacement, `force`) values (51, 'rampeur', 2, 1);

-- Objects CS
insert into dt_objects (id, name) values (26, 'amuletteelfique');
insert into dt_objects_capacities (object_id, name) values (26, 'seeelf');
insert into dt_objects_capacities (object_id, name) values (26, 'seesecretpassage');
insert into dt_objects_extensions (dtobject_id, dtextension_id) values (26, 8);
insert into dt_objects (id, name) values (27, 'orbepaix');
insert into dt_objects_capacities (object_id, name) values (27, 'cancelfight');
insert into dt_objects_extensions (dtobject_id, dtextension_id) values (27, 8);
insert into dt_objects (id, name) values (28, 'scievapeur');
insert into dt_objects_capacities (object_id, name) values (28, 'bonusattaque_1');
insert into dt_objects_capacities (object_id, name) values (28, 'floormarker_arbre_arbrecoupe');
insert into dt_objects_capacities (object_id, name) values (28, 'musthaveforce_3');
insert into dt_objects_extensions (dtobject_id, dtextension_id) values (28, 8);
insert into dt_objects (id, name) values (29, 'anneauparalysie');
insert into dt_objects_capacities (object_id, name) values (29, 'paralyse');
insert into dt_objects_capacities (object_id, name) values (29, 'magical');
insert into dt_objects_extensions (dtobject_id, dtextension_id) values (29, 8);
insert into dt_objects (id, name) values (30, 'parcheminlevitation');
insert into dt_objects_capacities (object_id, name) values (30, 'magical');
insert into dt_objects_capacities (object_id, name) values (30, 'parchemin');
insert into dt_objects_capacities (object_id, name) values (30, 'levitation');
insert into dt_objects_extensions (dtobject_id, dtextension_id) values (30, 8);
insert into dt_objects (id, name) values (31, 'arbalete');
insert into dt_objects_capacities (object_id, name) values (31, 'shooter_2_1');
insert into dt_objects_extensions (dtobject_id, dtextension_id) values (31, 8);

-- Characters TdG
insert into dt_characters (id, name, deplacement, `force`) values (52, 'loupgarou', 4, 2);
insert into dt_characters_capacities (character_id, name) values (52, 'autoregenerater');
insert into dt_characters_capacities (character_id, name) values (52, 'werewolf');
insert into dt_characters_capacities (character_id, name) values (52, 'semibeast');
insert into dt_characters_extensions (dtcharacter_id, dtextension_id) values (52, 9);
insert into dt_characters (id, name, deplacement, `force`) values (53, 'mammouth', 2, 4);
insert into dt_characters_capacities (character_id, name) values (53, 'wallmarker_herse_hersebrisee');
insert into dt_characters_capacities (character_id, name) values (53, 'beast');
insert into dt_characters_capacities (character_id, name) values (53, 'visible');
insert into dt_characters_capacities (character_id, name) values (53, 'bonus_snow');
insert into dt_characters_capacities (character_id, name) values (53, 'floormarker_arbre_arbrecoupe');
insert into dt_characters_extensions (dtcharacter_id, dtextension_id) values (53, 9);
insert into dt_characters (id, name, deplacement, `force`) values (54, 'elementairefoudre', 4, 1);
insert into dt_characters_capacities (character_id, name) values (54, 'die_water');
insert into dt_characters_capacities (character_id, name) values (54, 'shooter_1_0');
insert into dt_characters_capacities (character_id, name) values (54, 'flyer');
insert into dt_characters_extensions (dtcharacter_id, dtextension_id) values (54, 9);
insert into dt_characters (id, name, deplacement, `force`) values (55, 'dragonglace', 2, 5);
insert into dt_characters_capacities (character_id, name) values (55, 'prestigious');
insert into dt_characters_capacities (character_id, name) values (55, 'freezer');
insert into dt_characters_capacities (character_id, name) values (55, 'bonus_snow');
insert into dt_characters_extensions (dtcharacter_id, dtextension_id) values (55, 9);
insert into dt_characters (id, name, deplacement, `force`) values (56, 'sorciereglaces', 5, 1);
insert into dt_characters_capacities (character_id, name) values (56, 'spellcaster');
insert into dt_characters_capacities (character_id, name) values (56, '2objects');
insert into dt_characters_capacities (character_id, name) values (56, 'woman');
insert into dt_characters_extensions (dtcharacter_id, dtextension_id) values (56, 9);
insert into dt_characters (id, name, deplacement, `force`) values (57, 'yeti', 3, 3);
insert into dt_characters_capacities (character_id, name) values (57, 'bonus_snow');
insert into dt_characters_capacities (character_id, name) values (57, 'climber');
insert into dt_characters_capacities (character_id, name) values (57, 'beast');
insert into dt_characters_extensions (dtcharacter_id, dtextension_id) values (57, 9);
insert into dt_characters (id, name, deplacement, `force`) values (58, 'elementaireglace', 4, 1);
insert into dt_characters_capacities (character_id, name) values (58, 'walker_water_noobject');
insert into dt_characters_capacities (character_id, name) values (58, 'bonus_snow');
insert into dt_characters_capacities (character_id, name) values (58, 'floormarker_ice_0');
insert into dt_characters_extensions (dtcharacter_id, dtextension_id) values (58, 9);
insert into dt_characters (id, name, deplacement, `force`) values (59, 'maitrebetes', 4, 2);
insert into dt_characters_capacities (character_id, name) values (59, 'beastmaster');
insert into dt_characters_extensions (dtcharacter_id, dtextension_id) values (59, 9);

-- Objects TdG
insert into dt_objects (id, name) values (32, 'tapisvolant');
insert into dt_objects_capacities (object_id, name) values (32, 'magicalfly_combatcard');
insert into dt_objects_capacities (object_id, name) values (32, 'cursed');
insert into dt_objects_extensions (dtobject_id, dtextension_id) values (32, 9);
insert into dt_objects (id, name) values (33, 'hache');
insert into dt_objects_capacities (object_id, name) values (33, 'hache');
insert into dt_objects_capacities (object_id, name) values (33, 'cursed');
insert into dt_objects_extensions (dtobject_id, dtextension_id) values (33, 9);
insert into dt_objects (id, name) values (34, 'parcheminglace');
insert into dt_objects_capacities (object_id, name) values (34, 'parchemin');
insert into dt_objects_capacities (object_id, name) values (34, 'freeze');
insert into dt_objects_capacities (object_id, name) values (34, 'magical');
insert into dt_objects_extensions (dtobject_id, dtextension_id) values (34, 9);
insert into dt_objects (id, name) values (35, 'potionvie');
insert into dt_objects_capacities (object_id, name) values (35, 'autoheal');
insert into dt_objects_capacities (object_id, name) values (35, 'freeaction');
insert into dt_objects_capacities (object_id, name) values (35, 'magical');
insert into dt_objects_extensions (dtobject_id, dtextension_id) values (35, 9);
insert into dt_objects (id, name) values (36, 'anneauchaotique');
insert into dt_objects_capacities (object_id, name) values (36, 'chaos');
insert into dt_objects_capacities (object_id, name) values (36, 'magical');
insert into dt_objects_extensions (dtobject_id, dtextension_id) values (36, 9);

-- Characters Prison
insert into dt_characters (id, name, deplacement, `force`) values (60, 'traitresse', 4, 2);
insert into dt_characters_capacities (character_id, name) values (60, 'wallmarker_herse_herseouverte');
insert into dt_characters_capacities (character_id, name) values (60, 'wallmarker_herseouverte_herse');
insert into dt_characters_capacities (character_id, name) values (60, 'bonusgroup_2');
insert into dt_characters_capacities (character_id, name) values (60, 'woman');
insert into dt_characters_extensions (dtcharacter_id, dtextension_id) values (60, 10);
insert into dt_characters (id, name, deplacement, `force`) values (61, 'colosse', 2, 5);
insert into dt_characters_capacities (character_id, name) values (61, 'wallmarker_herse_hersebrisee');
insert into dt_characters_capacities (character_id, name) values (61, 'letgosmall');
insert into dt_characters_extensions (dtcharacter_id, dtextension_id) values (61, 10);
insert into dt_characters (id, name, deplacement, `force`) values (62, 'telepathe', 3, 0);
insert into dt_characters_capacities (character_id, name) values (62, 'forcecard');
insert into dt_characters_extensions (dtcharacter_id, dtextension_id) values (62, 10);
insert into dt_characters (id, name, deplacement, `force`) values (63, 'hommeserpent', 6, 2);
insert into dt_characters_capacities (character_id, name) values (63, 'crosser_meurtriere');
insert into dt_characters_capacities (character_id, name) values (63, 'beast');
insert into dt_characters_extensions (dtcharacter_id, dtextension_id) values (63, 10);
insert into dt_characters (id, name, deplacement, `force`) values (64, 'hurleur', 4, 2);
insert into dt_characters_capacities (character_id, name) values (64, 'repulsion_2_1');
insert into dt_characters_extensions (dtcharacter_id, dtextension_id) values (64, 10);

-- Objects Prison
insert into dt_objects (id, name) values (37, 'arc');
insert into dt_objects_capacities (object_id, name) values (37, 'shooter_1_0');
insert into dt_objects_extensions (dtobject_id, dtextension_id) values (37, 10);
insert into dt_objects (id, name) values (38, 'lancetelescopique');
insert into dt_objects_capacities (object_id, name) values (38, 'attackaway_1');
insert into dt_objects_capacities (object_id, name) values (38, 'protectfromhurt');
insert into dt_objects_capacities (object_id, name) values (38, 'attackfrommeurtriere');
insert into dt_objects_extensions (dtobject_id, dtextension_id) values (38, 10);
insert into dt_objects (id, name) values (39, 'grandbouclier');
insert into dt_objects_capacities (object_id, name) values (39, 'shield');
insert into dt_objects_capacities (object_id, name) values (39, 'defenseshoot');
insert into dt_objects_extensions (dtobject_id, dtextension_id) values (39, 10);

-- Characters MS
insert into dt_characters (id, name, deplacement, `force`) values (65, 'roc', 2, 4);
insert into dt_characters_capacities (character_id, name) values (65, 'beast');
insert into dt_characters_capacities (character_id, name) values (65, 'flyer');
insert into dt_characters_extensions (dtcharacter_id, dtextension_id) values (65, 30);
insert into dt_characters (id, name, deplacement, `force`) values (66, 'ameenpeine', 4, 0);
insert into dt_characters_capacities (character_id, name) values (66, 'immaterial');
insert into dt_characters_capacities (character_id, name) values (66, 'undead');
insert into dt_characters_capacities (character_id, name) values (66, 'curseobject');
insert into dt_characters_capacities (character_id, name) values (66, 'carrycursedobject');
insert into dt_characters_capacities (character_id, name) values (66, 'outonlycursedobject');
insert into dt_characters_capacities (character_id, name) values (66, 'woman');
insert into dt_characters_extensions (dtcharacter_id, dtextension_id) values (66, 30);
insert into dt_characters (id, name, deplacement, `force`) values (67, 'dragonfouisseur', 2, 6);
insert into dt_characters_capacities (character_id, name) values (67, 'prestigious');
insert into dt_characters_capacities (character_id, name) values (67, 'tail');
insert into dt_characters_extensions (dtcharacter_id, dtextension_id) values (67, 30);
insert into dt_characters (id, name, deplacement, `force`) values (68, 'tunnelier', 4, 2);
insert into dt_characters_capacities (character_id, name) values (68, 'dwarf');
insert into dt_characters_capacities (character_id, name) values (68, 'digger');
insert into dt_characters_extensions (dtcharacter_id, dtextension_id) values (68, 30);
insert into dt_characters (id, name, deplacement, `force`) values (69, 'sainte', 4, 0);
insert into dt_characters_capacities (character_id, name) values (69, 'weak');
insert into dt_characters_capacities (character_id, name) values (69, 'converter');
insert into dt_characters_capacities (character_id, name) values (69, 'woman');
insert into dt_characters_extensions (dtcharacter_id, dtextension_id) values (69, 30);
insert into dt_characters (id, name, deplacement, `force`) values (70, 'sentinelleorc', 4, 3);
insert into dt_characters_capacities (character_id, name) values (70, 'ownplacement');
insert into dt_characters_capacities (character_id, name) values (70, 'woman');
insert into dt_characters_capacities (character_id, name) values (70, 'ork');
insert into dt_characters_extensions (dtcharacter_id, dtextension_id) values (70, 30);
insert into dt_characters (id, name, deplacement, `force`) values (71, 'ranger', 5, 2);
insert into dt_characters_capacities (character_id, name) values (71, 'fastrevelation');
insert into dt_characters_capacities (character_id, name) values (71, 'wallmarker_herse_herseouverte');
insert into dt_characters_capacities (character_id, name) values (71, 'wallmarker_herseouverte_herse');
insert into dt_characters_extensions (dtcharacter_id, dtextension_id) values (71, 30);
insert into dt_characters (id, name, deplacement, `force`) values (72, 'ermite', 4, 1);
insert into dt_characters_capacities (character_id, name) values (72, 'spellcaster');
insert into dt_characters_capacities (character_id, name) values (72, 'fasthealer');
insert into dt_characters_extensions (dtcharacter_id, dtextension_id) values (72, 30);

-- Objects MS
insert into dt_objects (id, name) values (40, 'piolet');
insert into dt_objects_capacities (object_id, name) values (40, 'current');
insert into dt_objects_capacities (object_id, name) values (40, 'climb');
insert into dt_objects_extensions (dtobject_id, dtextension_id) values (40, 30);
insert into dt_objects (id, name) values (41, 'boussolemagique');
insert into dt_objects_capacities (object_id, name) values (41, 'magical');
insert into dt_objects_capacities (object_id, name) values (41, 'twistfree');
insert into dt_objects_extensions (dtobject_id, dtextension_id) values (41, 30);
insert into dt_objects (id, name) values (42, 'parcheminsacre');
insert into dt_objects_capacities (object_id, name) values (42, 'magical');
insert into dt_objects_capacities (object_id, name) values (42, 'parchemin');
insert into dt_objects_capacities (object_id, name) values (42, 'givebonusout_1');
insert into dt_objects_extensions (dtobject_id, dtextension_id) values (42, 30);
insert into dt_objects (id, name) values (43, 'poison');
insert into dt_objects_capacities (object_id, name) values (43, 'kill');
insert into dt_objects_capacities (object_id, name) values (43, 'useincombat');
insert into dt_objects_extensions (dtobject_id, dtextension_id) values (43, 30);
insert into dt_objects (id, name) values (44, 'pavois');
insert into dt_objects_capacities (object_id, name) values (44, 'shield');
insert into dt_objects_capacities (object_id, name) values (44, 'blockhole');
insert into dt_objects_extensions (dtobject_id, dtextension_id) values (44, 30);

-- Characters FO
insert into dt_characters (id, name, deplacement, `force`) values (73, 'exorciste', 3, 3);
insert into dt_characters_capacities (character_id, name) values (73, 'killundeadhurt');
insert into dt_characters_capacities (character_id, name) values (73, 'holyground');
insert into dt_characters_extensions (dtcharacter_id, dtextension_id) values (73, 32);
insert into dt_characters (id, name, deplacement, `force`) values (74, 'angenoir', 4, 2);
insert into dt_characters_capacities (character_id, name) values (74, 'shadowwalker_1');
insert into dt_characters_capacities (character_id, name) values (74, 'flyer');
insert into dt_characters_capacities (character_id, name) values (74, 'darker');
insert into dt_characters_capacities (character_id, name) values (74, 'woman');
insert into dt_characters_capacities (character_id, name) values (74, 'undead');
insert into dt_characters_capacities (character_id, name) values (74, 'die_light');
insert into dt_characters_extensions (dtcharacter_id, dtextension_id) values (74, 32);
insert into dt_characters (id, name, deplacement, `force`) values (75, 'elementairetenebres', 2, 1);
insert into dt_characters_capacities (character_id, name) values (75, 'bonusshadow');
insert into dt_characters_capacities (character_id, name) values (75, 'shadowwalker_0');
insert into dt_characters_capacities (character_id, name) values (75, 'undead');
insert into dt_characters_capacities (character_id, name) values (75, 'die_light');
insert into dt_characters_extensions (dtcharacter_id, dtextension_id) values (75, 32);
insert into dt_characters (id, name, deplacement, `force`) values (76, 'liche', 4, 1);
insert into dt_characters_capacities (character_id, name) values (76, 'floormarker_stain_2');
insert into dt_characters_capacities (character_id, name) values (76, 'spellcaster');
insert into dt_characters_capacities (character_id, name) values (76, 'undead');
insert into dt_characters_capacities (character_id, name) values (76, 'die_light');
insert into dt_characters_capacities (character_id, name) values (76, 'woman');
insert into dt_characters_extensions (dtcharacter_id, dtextension_id) values (76, 32);
insert into dt_characters (id, name, deplacement, `force`) values (77, 'magetenebres', 4, 1);
insert into dt_characters_capacities (character_id, name) values (77, 'shadowwalker_0.5');
insert into dt_characters_capacities (character_id, name) values (77, 'spellcaster');
insert into dt_characters_capacities (character_id, name) values (77, 'undead');
insert into dt_characters_capacities (character_id, name) values (77, 'floormarker_dark_2');
insert into dt_characters_capacities (character_id, name) values (77, 'die_light');
insert into dt_characters_extensions (dtcharacter_id, dtextension_id) values (77, 32);
insert into dt_characters (id, name, deplacement, `force`) values (78, 'cloportegeant', 2, 5);
insert into dt_characters_capacities (character_id, name) values (78, 'beast');
insert into dt_characters_capacities (character_id, name) values (78, 'crosser_herse');
insert into dt_characters_extensions (dtcharacter_id, dtextension_id) values (78, 32);
insert into dt_characters (id, name, deplacement, `force`) values (79, 'lycan', 2, 4);
insert into dt_characters_capacities (character_id, name) values (79, 'beast');
insert into dt_characters_capacities (character_id, name) values (79, 'biter');
insert into dt_characters_extensions (dtcharacter_id, dtextension_id) values (79, 32);
insert into dt_characters (id, name, deplacement, `force`) values (80, 'faucheuse', 4, 2);
insert into dt_characters_capacities (character_id, name) values (80, 'creator_squelette_3');
insert into dt_characters_capacities (character_id, name) values (80, 'undead');
insert into dt_characters_extensions (dtcharacter_id, dtextension_id) values (80, 32);
insert into dt_characters (id, name, deplacement, `force`) values (81, 'squelette', 2, 3);
insert into dt_characters_capacities (character_id, name) values (81, 'wallmarker_herse_hersebrisee');
insert into dt_characters_capacities (character_id, name) values (81, 'weak');
insert into dt_characters_capacities (character_id, name) values (81, 'undead');
insert into dt_characters_capacities (character_id, name) values (81, 'magicallink');

-- Objects FO
insert into dt_objects (id, name) values (45, 'collierdail');
insert into dt_objects_capacities (object_id, name) values (45, 'blockundead');
insert into dt_objects_extensions (dtobject_id, dtextension_id) values (45, 32);
insert into dt_objects (id, name) values (46, 'daguenuit');
insert into dt_objects_capacities (object_id, name) values (46, 'darknightshooter');
insert into dt_objects_extensions (dtobject_id, dtextension_id) values (46, 32);
insert into dt_objects (id, name) values (47, 'lancefusee');
insert into dt_objects_capacities (object_id, name) values (47, 'lightertmp');
insert into dt_objects_extensions (dtobject_id, dtextension_id) values (47, 32);
insert into dt_objects (id, name) values (48, 'lunettesclarte');
insert into dt_objects_capacities (object_id, name) values (48, 'lightertmp');
insert into dt_objects_extensions (dtobject_id, dtextension_id) values (48, 32);
insert into dt_objects (id, name) values (49, 'parcheminmort');
insert into dt_objects_capacities (object_id, name) values (49, 'killhurt');
insert into dt_objects_capacities (object_id, name) values (49, 'parchemin');
insert into dt_objects_capacities (object_id, name) values (49, 'magical');
insert into dt_objects_extensions (dtobject_id, dtextension_id) values (49, 32);
insert into dt_objects (id, name) values (50, 'piegebetes');
insert into dt_objects_capacities (object_id, name) values (50, 'attackebeast');
insert into dt_objects_extensions (dtobject_id, dtextension_id) values (50, 32);

-- Characters CM
insert into dt_characters (id, name, deplacement, `force`) values (82, 'hommerequin', 4, 2);
insert into dt_characters_capacities (character_id, name) values (82, 'bonuswater');
insert into dt_characters_capacities (character_id, name) values (82, 'watercrosser');
insert into dt_characters_extensions (dtcharacter_id, dtextension_id) values (82, 33);
insert into dt_characters (id, name, deplacement, `force`) values (83, 'hommepoisson', 4, 2);
insert into dt_characters_capacities (character_id, name) values (83, 'shooter_2_0');
insert into dt_characters_capacities (character_id, name) values (83, 'watercrosser');
insert into dt_characters_capacities (character_id, name) values (83, 'waterinvisible');
insert into dt_characters_extensions (dtcharacter_id, dtextension_id) values (83, 33);
insert into dt_characters (id, name, deplacement, `force`) values (84, 'ondine', 4, 1);
insert into dt_characters_capacities (character_id, name) values (84, 'watercrosser');
insert into dt_characters_capacities (character_id, name) values (84, 'spellcaster');
insert into dt_characters_capacities (character_id, name) values (84, 'healer_water');
insert into dt_characters_capacities (character_id, name) values (84, 'woman');
insert into dt_characters_extensions (dtcharacter_id, dtextension_id) values (84, 33);
insert into dt_characters (id, name, deplacement, `force`) values (85, 'kraken', 2, 5);
insert into dt_characters_capacities (character_id, name) values (85, 'prestigious');
insert into dt_characters_capacities (character_id, name) values (85, 'attackaway_1');
insert into dt_characters_capacities (character_id, name) values (85, 'watercrosser');
insert into dt_characters_extensions (dtcharacter_id, dtextension_id) values (85, 33);
insert into dt_characters (id, name, deplacement, `force`) values (86, 'sirene', 5, 1);
insert into dt_characters_capacities (character_id, name) values (86, 'watercrosser');
insert into dt_characters_capacities (character_id, name) values (86, 'blockfightcard');
insert into dt_characters_capacities (character_id, name) values (86, 'woman');
insert into dt_characters_extensions (dtcharacter_id, dtextension_id) values (86, 33);
insert into dt_characters (id, name, deplacement, `force`) values (87, 'trepasse', 3, 3);
insert into dt_characters_capacities (character_id, name) values (87, 'undead');
insert into dt_characters_capacities (character_id, name) values (87, 'protectedcursed');
insert into dt_characters_capacities (character_id, name) values (87, 'giveobject');
insert into dt_characters_extensions (dtcharacter_id, dtextension_id) values (87, 33);
insert into dt_characters (id, name, deplacement, `force`) values (88, 'varan', 2, 4);
insert into dt_characters_capacities (character_id, name) values (88, 'carrypeople');
insert into dt_characters_capacities (character_id, name) values (88, 'beast');
insert into dt_characters_extensions (dtcharacter_id, dtextension_id) values (88, 33);
insert into dt_characters (id, name, deplacement, `force`) values (89, 'sangsue', 3, 0);
insert into dt_characters_capacities (character_id, name) values (89, 'sangsue');
insert into dt_characters_capacities (character_id, name) values (89, 'beast');
insert into dt_characters_extensions (dtcharacter_id, dtextension_id) values (89, 33);

-- Objects CM
insert into dt_objects (id, name) values (51, 'filet');
insert into dt_objects_capacities (object_id, name) values (51, 'blockcharacter');
insert into dt_objects_extensions (dtobject_id, dtextension_id) values (51, 33);
insert into dt_objects (id, name) values (52, 'amulettemarine');
insert into dt_objects_capacities (object_id, name) values (52, 'watercrosser');
insert into dt_objects_extensions (dtobject_id, dtextension_id) values (52, 33);
insert into dt_objects (id, name) values (53, 'perlenoire');
insert into dt_objects_capacities (object_id, name) values (53, 'cursed');
insert into dt_objects_capacities (object_id, name) values (53, 'stayinside');
insert into dt_objects_extensions (dtobject_id, dtextension_id) values (53, 33);
insert into dt_objects (id, name) values (54, 'potionmimetique');
insert into dt_objects_capacities (object_id, name) values (54, 'copypower');
insert into dt_objects_capacities (object_id, name) values (54, 'magical');
insert into dt_objects_extensions (dtobject_id, dtextension_id) values (54, 33);
insert into dt_objects (id, name) values (55, 'sabre');
insert into dt_objects_capacities (object_id, name) values (55, 'forgeable');
insert into dt_objects_capacities (object_id, name) values (55, 'nomoreheal');
insert into dt_objects_extensions (dtobject_id, dtextension_id) values (55, 33);

-- Characters DA
insert into dt_characters (id, name, deplacement, `force`) values (90, 'hellboy', 3, 3);
insert into dt_characters_capacities (character_id, name) values (90, 'wallmarker_herse_hersebrisee');
insert into dt_characters_capacities (character_id, name) values (90, 'wallmarker_mur-meurtriere-cle-torche-passagesecret_murbrise_2');
insert into dt_characters_capacities (character_id, name) values (90, 'beast');
insert into dt_characters_extensions (dtcharacter_id, dtextension_id) values (90, 31);
insert into dt_characters (id, name, deplacement, `force`) values (91, 'reinealien', 2, 6);
insert into dt_characters_capacities (character_id, name) values (91, 'alien');
insert into dt_characters_capacities (character_id, name) values (91, 'layalien');
insert into dt_characters_capacities (character_id, name) values (91, 'with_menottes_own');
insert into dt_characters_capacities (character_id, name) values (91, 'woman');
insert into dt_characters_extensions (dtcharacter_id, dtextension_id) values (91, 31);
insert into dt_characters (id, name, deplacement, `force`) values (92, 'predator', 3, 4);
insert into dt_characters_capacities (character_id, name) values (92, 'killalien');
insert into dt_characters_capacities (character_id, name) values (92, 'extraterestrial');
insert into dt_characters_extensions (dtcharacter_id, dtextension_id) values (92, 31);
insert into dt_characters (id, name, deplacement, `force`) values (93, 'hulk', 4, 1);
insert into dt_characters_capacities (character_id, name) values (93, 'hurtisire');
insert into dt_characters_extensions (dtcharacter_id, dtextension_id) values (93, 31);
insert into dt_characters (id, name, deplacement, `force`) values (94, 'mutantefemme', 3, 1);
insert into dt_characters_capacities (character_id, name) values (94, 'protectedaswoman');
insert into dt_characters_capacities (character_id, name) values (94, 'becomemutante');
insert into dt_characters_capacities (character_id, name) values (94, 'woman');
insert into dt_characters_extensions (dtcharacter_id, dtextension_id) values (94, 31);
insert into dt_characters (id, name, deplacement, `force`) values (95, 'ancienne', 6, 1);
insert into dt_characters_capacities (character_id, name) values (95, 'wandering');
insert into dt_characters_capacities (character_id, name) values (95, 'erudite');
insert into dt_characters_capacities (character_id, name) values (95, 'spellcaster');
insert into dt_characters_capacities (character_id, name) values (95, 'protectedcursed');
insert into dt_characters_capacities (character_id, name) values (95, 'woman');
insert into dt_characters_extensions (dtcharacter_id, dtextension_id) values (95, 31);
insert into dt_characters (id, name, deplacement, `force`) values (96, 'tilk', 3, 2);
insert into dt_characters_capacities (character_id, name) values (96, 'autoregeneration');
insert into dt_characters_capacities (character_id, name) values (96, 'expertzat');
insert into dt_characters_extensions (dtcharacter_id, dtextension_id) values (96, 31);
insert into dt_characters (id, name, deplacement, `force`) values (97, 'blade', 4, 2);
insert into dt_characters_capacities (character_id, name) values (97, 'bonusundead');
insert into dt_characters_capacities (character_id, name) values (97, 'bonusalien');
insert into dt_characters_extensions (dtcharacter_id, dtextension_id) values (97, 31);
insert into dt_characters (id, name, deplacement, `force`) values (98, 'alien', 6, 1);
insert into dt_characters_capacities (character_id, name) values (98, '');
insert into dt_characters (id, name, deplacement, `force`) values (99, 'alien2', 4, 3);
insert into dt_characters_capacities (character_id, name) values (99, '');
insert into dt_characters (id, name, deplacement, `force`) values (100, 'mutante', 3, 3);
insert into dt_characters_capacities (character_id, name) values (100, 'flyer');
insert into dt_characters_capacities (character_id, name) values (100, 'extraterestrial');
insert into dt_characters (id, name, deplacement, `force`) values (155, 'hulkire', 4, 4);
insert into dt_characters_capacities (character_id, name) values (155, 'weak');

-- Objects DA
insert into dt_objects (id, name) values (56, 'zat');
insert into dt_objects_capacities (object_id, name) values (56, 'knockout_ldv');
insert into dt_objects_capacities (object_id, name) values (56, 'zathurt');
insert into dt_objects_extensions (dtobject_id, dtextension_id) values (56, 31);
insert into dt_objects (id, name) values (57, 'grenade');
insert into dt_objects_capacities (object_id, name) values (57, 'destroyobjects');
insert into dt_objects_extensions (dtobject_id, dtextension_id) values (57, 31);
insert into dt_objects (id, name) values (58, 'parchemincamouflage');
insert into dt_objects_capacities (object_id, name) values (58, 'parchemin');
insert into dt_objects_capacities (object_id, name) values (58, 'camouflage');
insert into dt_objects_capacities (object_id, name) values (58, 'magical');
insert into dt_objects_extensions (dtobject_id, dtextension_id) values (58, 31);
insert into dt_objects (id, name) values (59, 'fusilharpon');
insert into dt_objects_capacities (object_id, name) values (59, 'attraction');
insert into dt_objects_extensions (dtobject_id, dtextension_id) values (59, 31);
insert into dt_objects (id, name) values (60, 'boucliertenebres');
insert into dt_objects_capacities (object_id, name) values (60, 'shied');
insert into dt_objects_capacities (object_id, name) values (60, 'transformer_boucliercontrefeu');
insert into dt_objects_capacities (object_id, name) values (60, 'transformer_pavois');
insert into dt_objects_capacities (object_id, name) values (60, 'transformer_boucliersylvanite');
insert into dt_objects_capacities (object_id, name) values (60, 'transformer_grandbouclier');
insert into dt_objects_extensions (dtobject_id, dtextension_id) values (60, 31);

-- Characters TC
insert into dt_characters (id, name, deplacement, `force`) values (101, 'roi', 4, 2);
insert into dt_characters_capacities (character_id, name) values (101, '');
insert into dt_characters_extensions (dtcharacter_id, dtextension_id) values (101, 34);
insert into dt_characters (id, name, deplacement, `force`) values (102, 'reine', 4, 2);
insert into dt_characters_capacities (character_id, name) values (102, 'woman');
insert into dt_characters_extensions (dtcharacter_id, dtextension_id) values (102, 34);
insert into dt_characters (id, name, deplacement, `force`) values (103, 'bouffon', 4, 2);
insert into dt_characters_capacities (character_id, name) values (103, '');
insert into dt_characters_extensions (dtcharacter_id, dtextension_id) values (103, 34);
insert into dt_characters (id, name, deplacement, `force`) values (104, 'moine', 4, 2);
insert into dt_characters_capacities (character_id, name) values (104, '');
insert into dt_characters_extensions (dtcharacter_id, dtextension_id) values (104, 34);
insert into dt_characters (id, name, deplacement, `force`) values (105, 'gardien', 4, 2);
insert into dt_characters_capacities (character_id, name) values (105, '');
insert into dt_characters_extensions (dtcharacter_id, dtextension_id) values (105, 34);
insert into dt_characters (id, name, deplacement, `force`) values (106, 'bourreau', 4, 2);
insert into dt_characters_capacities (character_id, name) values (106, '');
insert into dt_characters_extensions (dtcharacter_id, dtextension_id) values (106, 34);
insert into dt_characters (id, name, deplacement, `force`) values (107, 'astrologuegnome', 4, 2);
insert into dt_characters_capacities (character_id, name) values (107, '');
insert into dt_characters_extensions (dtcharacter_id, dtextension_id) values (107, 34);
insert into dt_characters (id, name, deplacement, `force`) values (108, 'condottiere', 4, 2);
insert into dt_characters_capacities (character_id, name) values (108, '');
insert into dt_characters_extensions (dtcharacter_id, dtextension_id) values (108, 34);

-- Objects TC
insert into dt_objects (id, name) values (61, 'cordegarde');
insert into dt_objects_capacities (object_id, name) values (61, 'stopout');
insert into dt_objects_extensions (dtobject_id, dtextension_id) values (61, 34);
insert into dt_objects (id, name) values (62, 'spectreroyal');
insert into dt_objects_capacities (object_id, name) values (62, '');
insert into dt_objects_extensions (dtobject_id, dtextension_id) values (62, 34);
insert into dt_objects (id, name) values (63, 'belier');
insert into dt_objects_capacities (object_id, name) values (63, 'wallmarker_herse_hersebrisee');
insert into dt_objects_extensions (dtobject_id, dtextension_id) values (63, 34);
insert into dt_objects (id, name) values (64, 'parcheminamitie');
insert into dt_objects_capacities (object_id, name) values (64, 'parchemin');
insert into dt_objects_capacities (object_id, name) values (64, 'magical');
insert into dt_objects_capacities (object_id, name) values (64, 'makepeaceful');
insert into dt_objects_extensions (dtobject_id, dtextension_id) values (64, 34);
insert into dt_objects (id, name) values (65, 'grimoiredeguerre');
insert into dt_objects_capacities (object_id, name) values (65, 'gainbonuswar');
insert into dt_objects_extensions (dtobject_id, dtextension_id) values (65, 34);

-- Characters Goodies Official
insert into dt_characters (id, name, deplacement, `force`) values (156, 'ogre', 2, 4);
insert into dt_characters_capacities (character_id, name) values (156, 'knockout_adjacent');
insert into dt_characters_extensions (dtcharacter_id, dtextension_id) values (156, 20);
insert into dt_characters (id, name, deplacement, `force`) values (109, 'minotaure', 4, 3);
insert into dt_characters_capacities (character_id, name) values (109, 'wallmarker_herse_hersebrisee');
insert into dt_characters_capacities (character_id, name) values (109, 'stayinside');
insert into dt_characters_extensions (dtcharacter_id, dtextension_id) values (109, 20);
insert into dt_characters (id, name, deplacement, `force`) values (110, 'impitoyable', 6, 1);
insert into dt_characters_capacities (character_id, name) values (110, 'fighthurt');
insert into dt_characters_extensions (dtcharacter_id, dtextension_id) values (110, 20);
insert into dt_characters (id, name, deplacement, `force`) values (111, 'elfedesbois', 6, 2);
insert into dt_characters_capacities (character_id, name) values (111, 'walker_wood');
insert into dt_characters_extensions (dtcharacter_id, dtextension_id) values (111, 20);
insert into dt_characters (id, name, deplacement, `force`) values (112, 'zephyr', 4, 2);
insert into dt_characters_capacities (character_id, name) values (112, 'fightdiag');
insert into dt_characters_extensions (dtcharacter_id, dtextension_id) values (112, 20);
insert into dt_characters (id, name, deplacement, `force`) values (113, 'pauvre', 5, 1);
insert into dt_characters_capacities (character_id, name) values (113, 'valueless');
insert into dt_characters_extensions (dtcharacter_id, dtextension_id) values (113, 20);
insert into dt_characters (id, name, deplacement, `force`) values (114, 'dragonpourpre', 5, 1);
insert into dt_characters_capacities (character_id, name) values (114, 'prestigious');
insert into dt_characters_capacities (character_id, name) values (114, 'singintherain');
insert into dt_characters_extensions (dtcharacter_id, dtextension_id) values (114, 20);
insert into dt_characters (id, name, deplacement, `force`) values (115, 'insaisissable', 4, 2);
insert into dt_characters_capacities (character_id, name) values (115, 'freedeplacement');
insert into dt_characters_extensions (dtcharacter_id, dtextension_id) values (115, 20);
insert into dt_characters (id, name, deplacement, `force`) values (116, 'porteuroubli', 4, 1);
insert into dt_characters_capacities (character_id, name) values (116, 'forgetroom');
insert into dt_characters_extensions (dtcharacter_id, dtextension_id) values (116, 20);
insert into dt_characters (id, name, deplacement, `force`) values (117, 'naintueurelfes', 4, 2);
insert into dt_characters_capacities (character_id, name) values (117, 'bonuself');
insert into dt_characters_capacities (character_id, name) values (117, 'dwarf');
insert into dt_characters_extensions (dtcharacter_id, dtextension_id) values (117, 20);

-- Object Goodies Official
insert into dt_objects (id, name) values (66, 'arcelfique');
insert into dt_objects_capacities (object_id, name) values (66, 'shooter_1_0');
insert into dt_objects_extensions (dtobject_id, dtextension_id) values (66, 20);

-- Characters Goodies Official Powerful
insert into dt_characters (id, name, deplacement, `force`) values (118, 'perenoel', 5, 1);
insert into dt_characters_capacities (character_id, name) values (118, 'hotte');
insert into dt_characters_extensions (dtcharacter_id, dtextension_id) values (118, 21);
insert into dt_characters (id, name, deplacement, `force`) values (119, 'amazone', 3, 3);
insert into dt_characters_capacities (character_id, name) values (119, 'charming_man');
insert into dt_characters_capacities (character_id, name) values (119, 'woman');
insert into dt_characters_extensions (dtcharacter_id, dtextension_id) values (119, 21);
insert into dt_characters (id, name, deplacement, `force`) values (120, 'maitredutemps', 4, 1);
insert into dt_characters_capacities (character_id, name) values (120, 'storeactions');
insert into dt_characters_extensions (dtcharacter_id, dtextension_id) values (120, 21);

-- Object Goodies Official Powerful

-- Characters Goodies Non Official
insert into dt_characters (id, name, deplacement, `force`) values (121, 'gardienneforet', 3, 1);
insert into dt_characters_capacities (character_id, name) values (121, 'transformer_ours');
insert into dt_characters_capacities (character_id, name) values (121, 'transformer_loup');
insert into dt_characters_capacities (character_id, name) values (121, 'transformer_corbeau');
insert into dt_characters_capacities (character_id, name) values (121, 'woman');
insert into dt_characters_extensions (dtcharacter_id, dtextension_id) values (121, 40);
insert into dt_characters (id, name, deplacement, `force`) values (122, 'ours', 2, 4);
insert into dt_characters_capacities (character_id, name) values (122, 'beast');
insert into dt_characters_capacities (character_id, name) values (122, 'woman');
insert into dt_characters (id, name, deplacement, `force`) values (123, 'loup', 5, 2);
insert into dt_characters_capacities (character_id, name) values (123, 'beast');
insert into dt_characters_capacities (character_id, name) values (123, 'woman');
insert into dt_characters (id, name, deplacement, `force`) values (124, 'corbeau', 3, 0);
insert into dt_characters_capacities (character_id, name) values (124, 'flyer');
insert into dt_characters_capacities (character_id, name) values (124, 'beast');
insert into dt_characters_capacities (character_id, name) values (124, 'woman');
insert into dt_characters (id, name, deplacement, `force`) values (125, 'necrophage', 4, 2);
insert into dt_characters_capacities (character_id, name) values (125, 'eathurt');
insert into dt_characters_extensions (dtcharacter_id, dtextension_id) values (125, 40);
insert into dt_characters (id, name, deplacement, `force`) values (126, 'passeur', 4, 1);
insert into dt_characters_capacities (character_id, name) values (126, 'spellcaster');
insert into dt_characters_capacities (character_id, name) values (126, 'exchangedead');
insert into dt_characters_extensions (dtcharacter_id, dtextension_id) values (126, 40);
insert into dt_characters (id, name, deplacement, `force`) values (127, 'elementairebrume', 4, 2);
insert into dt_characters_capacities (character_id, name) values (127, 'fog');
insert into dt_characters_capacities (character_id, name) values (127, 'bonusfog');
insert into dt_characters_extensions (dtcharacter_id, dtextension_id) values (127, 40);
insert into dt_characters (id, name, deplacement, `force`) values (128, 'phoenix', 2, 5);
insert into dt_characters_capacities (character_id, name) values (128, 'lighter');
insert into dt_characters_capacities (character_id, name) values (128, 'noobject');
insert into dt_characters_capacities (character_id, name) values (128, 'regenerater_fire');
insert into dt_characters_capacities (character_id, name) values (128, 'prestigious');
insert into dt_characters_capacities (character_id, name) values (128, 'walker_fire_noobject');
insert into dt_characters_capacities (character_id, name) values (128, 'flyer');
insert into dt_characters_capacities (character_id, name) values (128, 'antiwater');
insert into dt_characters_capacities (character_id, name) values (128, 'antifreeze');
insert into dt_characters_extensions (dtcharacter_id, dtextension_id) values (128, 40);
insert into dt_characters (id, name, deplacement, `force`) values (129, 'gargouille', 3, 3);
insert into dt_characters_capacities (character_id, name) values (129, 'transformer_statue');
insert into dt_characters (id, name, deplacement, `force`) values (130, 'gargouillestatue', 0, 6);
insert into dt_characters_capacities (character_id, name) values (130, 'transformer_gargouille');
insert into dt_characters_capacities (character_id, name) values (130, 'antimagic');
insert into dt_characters_capacities (character_id, name) values (130, 'antifire');
insert into dt_characters_capacities (character_id, name) values (130, 'antifreeze');
insert into dt_characters_capacities (character_id, name) values (130, 'stoprocher');
insert into dt_characters_extensions (dtcharacter_id, dtextension_id) values (130, 40);
insert into dt_characters (id, name, deplacement, `force`) values (131, 'geantmontagnes', 2, 4);
insert into dt_characters_capacities (character_id, name) values (131, 'carry_rocher');
insert into dt_characters_capacities (character_id, name) values (131, 'onusattaquewithrocher');
insert into dt_characters_capacities (character_id, name) values (131, 'stoprocher');
insert into dt_characters_extensions (dtcharacter_id, dtextension_id) values (131, 40);
insert into dt_characters (id, name, deplacement, `force`) values (132, 'licorne', 2, 4);
insert into dt_characters_capacities (character_id, name) values (132, 'beast');
insert into dt_characters_capacities (character_id, name) values (132, 'spellcaster');
insert into dt_characters_extensions (dtcharacter_id, dtextension_id) values (132, 40);
insert into dt_characters (id, name, deplacement, `force`) values (135, 'basilic', 2, 4);
insert into dt_characters_capacities (character_id, name) values (135, 'prestigious');
insert into dt_characters_capacities (character_id, name) values (135, 'malusfight');
insert into dt_characters_capacities (character_id, name) values (135, 'killregard');
insert into dt_characters_extensions (dtcharacter_id, dtextension_id) values (135, 40);
insert into dt_characters (id, name, deplacement, `force`) values (136, 'cavalierfantome', 2, 1);
insert into dt_characters_capacities (character_id, name) values (136, 'immaterial');
insert into dt_characters_capacities (character_id, name) values (136, 'undead');
insert into dt_characters_capacities (character_id, name) values (136, 'attackcrosseverything');
insert into dt_characters_extensions (dtcharacter_id, dtextension_id) values (136, 40);
insert into dt_characters (id, name, deplacement, `force`) values (137, 'irreductible', 4, 2);
insert into dt_characters_capacities (character_id, name) values (137, 'bonusdefense_3');
insert into dt_characters_capacities (character_id, name) values (137, 'dwarf');
insert into dt_characters_extensions (dtcharacter_id, dtextension_id) values (137, 40);
insert into dt_characters (id, name, deplacement, `force`) values (138, 'abomination', 2, 4);
insert into dt_characters_capacities (character_id, name) values (138, 'undead');
insert into dt_characters_capacities (character_id, name) values (138, 'nohurt');
insert into dt_characters_extensions (dtcharacter_id, dtextension_id) values (138, 40);
insert into dt_characters (id, name, deplacement, `force`) values (139, 'warg', 6, 2);
insert into dt_characters_capacities (character_id, name) values (139, 'bonushurt_2');
insert into dt_characters_capacities (character_id, name) values (139, 'beast');
insert into dt_characters_extensions (dtcharacter_id, dtextension_id) values (139, 40);
insert into dt_characters (id, name, deplacement, `force`) values (140, 'sabotork', 3, 2);
insert into dt_characters_capacities (character_id, name) values (140, 'blocktwist');
insert into dt_characters_capacities (character_id, name) values (140, 'ork');
insert into dt_characters_extensions (dtcharacter_id, dtextension_id) values (140, 40);

-- Object Goodies Non Official
insert into dt_objects (id, name) values (67, 'masquefer');
insert into dt_objects_capacities (object_id, name) values (67, 'cursed');
insert into dt_objects_capacities (object_id, name) values (67, 'weak');
insert into dt_objects_extensions (dtobject_id, dtextension_id) values (67, 40);
insert into dt_objects (id, name) values (68, 'bottespegase');
insert into dt_objects_capacities (object_id, name) values (68, 'bonusdeplacement_1');
insert into dt_objects_capacities (object_id, name) values (68, 'magical');
insert into dt_objects_extensions (dtobject_id, dtextension_id) values (68, 40);
insert into dt_objects (id, name) values (69, 'anneauantimagie');
insert into dt_objects_capacities (object_id, name) values (69, 'magicabsorber');
insert into dt_objects_extensions (dtobject_id, dtextension_id) values (69, 40);
insert into dt_objects (id, name) values (70, 'parchemintransfert');
insert into dt_objects_capacities (object_id, name) values (70, 'parchemin');
insert into dt_objects_capacities (object_id, name) values (70, 'magical');
insert into dt_objects_capacities (object_id, name) values (70, 'transfert');
insert into dt_objects_extensions (dtobject_id, dtextension_id) values (70, 40);
insert into dt_objects (id, name) values (71, 'outrevide');
insert into dt_objects_capacities (object_id, name) values (71, 'transformer_outrepleine_fountain');
insert into dt_objects_extensions (dtobject_id, dtextension_id) values (71, 40);
insert into dt_objects (id, name) values (72, 'outrepleine');
insert into dt_objects_capacities (object_id, name) values (72, 'transformer_outrevide');
insert into dt_objects (id, name) values (73, 'boucliermirroir');
insert into dt_objects_capacities (object_id, name) values (73, 'shield');
insert into dt_objects_capacities (object_id, name) values (73, 'mirror');
insert into dt_objects_extensions (dtobject_id, dtextension_id) values (73, 40);
insert into dt_objects (id, name) values (74, 'capeinvisibilite');
insert into dt_objects_capacities (object_id, name) values (74, 'magical');
insert into dt_objects_capacities (object_id, name) values (74, 'noldv');
insert into dt_objects_extensions (dtobject_id, dtextension_id) values (74, 40);
insert into dt_objects (id, name) values (75, 'bottessaut');
insert into dt_objects_capacities (object_id, name) values (75, 'acrobatie');
insert into dt_objects_extensions (dtobject_id, dtextension_id) values (75, 40);
insert into dt_objects (id, name) values (76, 'orbeportails');
insert into dt_objects_capacities (object_id, name) values (76, 'portails');
insert into dt_objects_extensions (dtobject_id, dtextension_id) values (76, 40);

-- Characters Goodies Non Official Powerful or draft
insert into dt_characters (id, name, deplacement, `force`) values (133, 'guerriermage', 3, 3);
insert into dt_characters_capacities (character_id, name) values (133, 'spellcaster');
insert into dt_characters_extensions (dtcharacter_id, dtextension_id) values (133, 41);
insert into dt_characters (id, name, deplacement, `force`) values (134, 'dragonplatine', 2, 6);
insert into dt_characters_capacities (character_id, name) values (134, 'spellcaster');
insert into dt_characters_capacities (character_id, name) values (134, 'prestigious');
insert into dt_characters_extensions (dtcharacter_id, dtextension_id) values (134, 41);
insert into dt_characters (id, name, deplacement, `force`) values (141, 'maitredesreves', 4, 1);
insert into dt_characters_capacities (character_id, name) values (141, 'spellcaster');
insert into dt_characters_capacities (character_id, name) values (141, 'dreamlink');
insert into dt_characters_extensions (dtcharacter_id, dtextension_id) values (141, 41);
insert into dt_characters (id, name, deplacement, `force`) values (142, 'totemork', 3, 2);
insert into dt_characters_capacities (character_id, name) values (142, 'twisttotem');
insert into dt_characters_capacities (character_id, name) values (142, 'ork');
insert into dt_characters_capacities (character_id, name) values (142, 'spellcaster');
insert into dt_characters_extensions (dtcharacter_id, dtextension_id) values (142, 41);
insert into dt_characters (id, name, deplacement, `force`) values (157, 'totemterre', 0, 0);
insert into dt_characters_capacities (character_id, name) values (157, 'twisttotem');
insert into dt_characters (id, name, deplacement, `force`) values (143, 'magicientroll', 3, 2);
insert into dt_characters_capacities (character_id, name) values (143, 'spellcaster');
insert into dt_characters_capacities (character_id, name) values (143, 'regerater');
insert into dt_characters_extensions (dtcharacter_id, dtextension_id) values (143, 41);
insert into dt_characters (id, name, deplacement, `force`) values (144, 'psydoloris', 4, 1);
insert into dt_characters_capacities (character_id, name) values (144, 'spellcaster');
insert into dt_characters_capacities (character_id, name) values (144, 'attaquepsy');
insert into dt_characters_capacities (character_id, name) values (144, 'woman');
insert into dt_characters_extensions (dtcharacter_id, dtextension_id) values (144, 41);
insert into dt_characters (id, name, deplacement, `force`) values (145, 'magophile', 4, 2);
insert into dt_characters_capacities (character_id, name) values (145, 'makespellcaster');
insert into dt_characters_capacities (character_id, name) values (145, 'autcancelmagophage');
insert into dt_characters_extensions (dtcharacter_id, dtextension_id) values (145, 41);
insert into dt_characters (id, name, deplacement, `force`) values (146, 'chamanork', 4, 2);
insert into dt_characters_capacities (character_id, name) values (146, 'ork');
insert into dt_characters_capacities (character_id, name) values (146, 'bonusdeplacement');
insert into dt_characters_capacities (character_id, name) values (146, 'charming_undead');
insert into dt_characters_extensions (dtcharacter_id, dtextension_id) values (146, 41);
insert into dt_characters (id, name, deplacement, `force`) values (147, 'fou', 6, 1);
insert into dt_characters_capacities (character_id, name) values (147, 'crazyattack');
insert into dt_characters_extensions (dtcharacter_id, dtextension_id) values (147, 41);
insert into dt_characters (id, name, deplacement, `force`) values (148, 'spadassin', 3, 3);
insert into dt_characters_capacities (character_id, name) values (148, 'defenser');
insert into dt_characters_extensions (dtcharacter_id, dtextension_id) values (148, 41);
insert into dt_characters (id, name, deplacement, `force`) values (149, 'maitressefouet', 3, 3);
insert into dt_characters_capacities (character_id, name) values (149, 'walker_chutespierre');
insert into dt_characters_extensions (dtcharacter_id, dtextension_id) values (149, 41);
insert into dt_characters (id, name, deplacement, `force`) values (150, 'griffon', 3, 3);
insert into dt_characters_capacities (character_id, name) values (150, 'flyer');
insert into dt_characters_capacities (character_id, name) values (150, 'beast');
insert into dt_characters_extensions (dtcharacter_id, dtextension_id) values (150, 41);
insert into dt_characters (id, name, deplacement, `force`) values (151, 'dragonvolant', 2, 6);
insert into dt_characters_capacities (character_id, name) values (151, 'flyer');
insert into dt_characters_capacities (character_id, name) values (151, 'prestigious');
insert into dt_characters_extensions (dtcharacter_id, dtextension_id) values (151, 41);
insert into dt_characters (id, name, deplacement, `force`) values (152, 'dragonacide', 2, 6);
insert into dt_characters_capacities (character_id, name) values (152, 'invalidobject');
insert into dt_characters_capacities (character_id, name) values (152, 'prestigious');
insert into dt_characters_extensions (dtcharacter_id, dtextension_id) values (152, 41);
insert into dt_characters (id, name, deplacement, `force`) values (153, 'dragonfantome', 2, 5);
insert into dt_characters_capacities (character_id, name) values (153, 'immaterial');
insert into dt_characters_capacities (character_id, name) values (153, 'prestigious');
insert into dt_characters_capacities (character_id, name) values (153, 'wandering');
insert into dt_characters_extensions (dtcharacter_id, dtextension_id) values (153, 41);
insert into dt_characters (id, name, deplacement, `force`) values (154, 'hydre', 2, 6);
insert into dt_characters_capacities (character_id, name) values (154, 'attackonecase');
insert into dt_characters_capacities (character_id, name) values (154, 'prestigious');
insert into dt_characters_extensions (dtcharacter_id, dtextension_id) values (154, 41);

-- Object Goodies Non Official Powerful or draft
insert into dt_objects (id, name) values (77, 'parchemindefense');
insert into dt_objects_capacities (object_id, name) values (77, 'parchemin');
insert into dt_objects_capacities (object_id, name) values (77, 'magical');
insert into dt_objects_capacities (object_id, name) values (77, 'magicaldefense');
insert into dt_objects_extensions (dtobject_id, dtextension_id) values (77, 40);
insert into dt_objects (id, name) values (78, 'parcheminlumiere');
insert into dt_objects_capacities (object_id, name) values (78, 'parchemin');
insert into dt_objects_capacities (object_id, name) values (78, 'magical');
insert into dt_objects_capacities (object_id, name) values (78, 'chooselighter');
insert into dt_objects_extensions (dtobject_id, dtextension_id) values (78, 40);
insert into dt_objects (id, name) values (79, 'parchemininitiative');
insert into dt_objects_capacities (object_id, name) values (79, 'parchemin');
insert into dt_objects_capacities (object_id, name) values (79, 'magical');
insert into dt_objects_capacities (object_id, name) values (79, 'exchangeactioncard');
insert into dt_objects_extensions (dtobject_id, dtextension_id) values (79, 40);
insert into dt_objects (id, name) values (80, 'anneaudissipation');
insert into dt_objects_capacities (object_id, name) values (80, 'magical');
insert into dt_objects_capacities (object_id, name) values (80, 'dissipate');
insert into dt_objects_extensions (dtobject_id, dtextension_id) values (80, 40);
insert into dt_objects (id, name) values (81, 'potionreduction');
insert into dt_objects_capacities (object_id, name) values (81, 'force_0');
insert into dt_objects_capacities (object_id, name) values (81, 'crosser_herse');
insert into dt_objects_capacities (object_id, name) values (81, 'deplacementsmall');
insert into dt_objects_extensions (dtobject_id, dtextension_id) values (81, 40);
insert into dt_objects (id, name) values (82, 'parcheminattaque');
insert into dt_objects_capacities (object_id, name) values (82, 'parchemin');
insert into dt_objects_capacities (object_id, name) values (82, 'magical');
insert into dt_objects_capacities (object_id, name) values (82, 'magicalattaque');
insert into dt_objects_extensions (dtobject_id, dtextension_id) values (82, 40);
insert into dt_objects (id, name) values (83, 'massetonnerre');
insert into dt_objects_capacities (object_id, name) values (83, 'destroydecord');
insert into dt_objects_capacities (object_id, name) values (83, 'magical');
insert into dt_objects_extensions (dtobject_id, dtextension_id) values (83, 40);
insert into dt_objects (id, name) values (84, 'boomerang');
insert into dt_objects_capacities (object_id, name) values (84, 'attackboomerang');
insert into dt_objects_capacities (object_id, name) values (84, 'forgeable');
insert into dt_objects_extensions (dtobject_id, dtextension_id) values (84, 40);
insert into dt_objects (id, name) values (85, 'bottesplomb');
insert into dt_objects_capacities (object_id, name) values (85, 'cursed');
insert into dt_objects_capacities (object_id, name) values (85, 'heavycarrier');
insert into dt_objects_extensions (dtobject_id, dtextension_id) values (85, 40);

-- Floors
insert into dt_floors (id, name) values (1, 'sol');
insert into dt_floors (id, name) values (2, 'twist');
insert into dt_floors (id, name) values (3, 'fosse');
insert into dt_floors (id, name) values (4, 'crevasse');
insert into dt_floors (id, name) values (5, 'eboulis');
insert into dt_floors (id, name) values (6, 'chuttepierre');
insert into dt_floors (id, name) values (7, 'fontaine');
insert into dt_floors (id, name) values (8, 'pentacle');
insert into dt_floors (id, name) values (9, 'eau');
insert into dt_floors (id, name) values (10, 'ponteau');
insert into dt_floors (id, name) values (11, 'lave');
insert into dt_floors (id, name) values (12, 'pontlave');
insert into dt_floors (id, name) values (13, 'escalier');
insert into dt_floors (id, name) values (14, 'bibliotheque');
insert into dt_floors (id, name) values (15, 'artefactantimagie');
insert into dt_floors (id, name) values (16, 'tombeau');
insert into dt_floors (id, name) values (17, 'zonetombeau');
insert into dt_floors (id, name) values (18, 'tenebre');
insert into dt_floors (id, name) values (19, 'tombe');
insert into dt_floors (id, name) values (20, 'statue');
insert into dt_floors (id, name) values (21, 'armurerie');
insert into dt_floors (id, name) values (22, 'forge');
insert into dt_floors (id, name) values (23, 'piege_rouge');
insert into dt_floors (id, name) values (25, 'declencheur_rouge');
insert into dt_floors (id, name) values (26, 'piege_vert');
insert into dt_floors (id, name) values (27, 'declencheur_vert');
insert into dt_floors (id, name) values (28, 'piege_jaune');
insert into dt_floors (id, name) values (29, 'declencheur_jaune');
insert into dt_floors (id, name) values (30, 'piege_bleu');
insert into dt_floors (id, name) values (31, 'declencheur_bleu');
insert into dt_floors (id, name) values (32, 'ultragravite');
insert into dt_floors (id, name) values (33, 'colonne');
insert into dt_floors (id, name) values (34, 'cascade');
insert into dt_floors (id, name) values (35, 'arbre');
insert into dt_floors (id, name) values (36, 'arbrecoupe');
insert into dt_floors (id, name) values (37, 'lianes');
insert into dt_floors (id, name) values (38, 'trondarbre');
insert into dt_floors (id, name) values (39, 'canneaulave');
insert into dt_floors (id, name) values (40, 'tresor');
insert into dt_floors (id, name) values (41, 'canalisation');
insert into dt_floors (id, name) values (42, 'potionvitesse');
insert into dt_floors (id, name) values (43, 'dolmen');
insert into dt_floors (id, name) values (44, 'artefactdolmen');
insert into dt_floors (id, name) values (45, 'pont');
insert into dt_floors (id, name) values (46, 'pontcaneaulave');
insert into dt_floors (id, name) values (47, 'pontglace');
insert into dt_floors (id, name) values (48, 'gele');
insert into dt_floors (id, name) values (49, 'utilise');
insert into dt_floors (id, name) values (50, 'pontbrise');
insert into dt_floors (id, name) values (51, 'illusionfosse');
insert into dt_floors (id, name) values (52, 'illusioneboulis');
insert into dt_floors (id, name) values (53, 'arbrevivant');
insert into dt_floors (id, name) values (54, 'liane');
insert into dt_floors (id, name) values (55, 'ronces');
insert into dt_floors (id, name) values (57, 'arbrecoupe');
insert into dt_floors (id, name) values (58, 'arbrecoupeneige');
insert into dt_floors (id, name) values (60, 'pontglacefondu');
insert into dt_floors (id, name) values (61, 'pontglacefondugele');
insert into dt_floors (id, name) values (62, 't1_1');
insert into dt_floors (id, name) values (64, 't1_2');
insert into dt_floors (id, name) values (65, 't2_1');
insert into dt_floors (id, name) values (66, 't2_2');
insert into dt_floors (id, name) values (67, 't3_1');
insert into dt_floors (id, name) values (68, 't3_2');
insert into dt_floors (id, name) values (69, 'canalisationbrise');
insert into dt_floors (id, name) values (70, 'trou');
insert into dt_floors (id, name) values (71, 'dalle');
insert into dt_floors (id, name) values (72, 'orbe');
insert into dt_floors (id, name) values (73, 'potionvie');
insert into dt_floors (id, name) values (74, 'piege_violet');
insert into dt_floors (id, name) values (75, 'declencheur_violet');
insert into dt_floors (id, name) values (76, 'piege_orange');
insert into dt_floors (id, name) values (77, 'declencheur_orange');
insert into dt_floors (id, name) values (78, 'supertorche');
insert into dt_floors (id, name) values (79, 'levier');
insert into dt_floors (id, name) values (80, 'coffre');
insert into dt_floors (id, name) values (81, 'jarre');
insert into dt_floors (id, name) values (82, 'declencheur_orangeatre');
insert into dt_floors (id, name) values (83, 'trone');
insert into dt_floors (id, name) values (84, 'eaupontlevis');
insert into dt_floors (id, name) values (85, 'pontlevis');
insert into dt_floors (id, name) values (86, 'filet');
insert into dt_floors (id, name) values (87, 'brume');
insert into dt_floors (id, name) values (88, 'antimagie');
insert into dt_floors (id, name) values (89, 'illusionfosse');
insert into dt_floors (id, name) values (90, 'ultragravite');
insert into dt_floors (id, name) values (91, 'arbrevivant');
insert into dt_floors (id, name) values (92, 'pontbrise');
insert into dt_floors (id, name) values (93, 'illusionebouli');
insert into dt_floors (id, name) values (94, 'utilise');
insert into dt_floors (id, name) values (95, 'liane');
insert into dt_floors (id, name) values (96, 'ronces');
insert into dt_floors (id, name) values (97, 'isorange');
insert into dt_floors (id, name) values (98, 'islianeorange');
insert into dt_floors (id, name) values (99, 'arbrecoupe');
insert into dt_floors (id, name) values (100, 'mirroir_ne');
insert into dt_floors (id, name) values (101, 'mirroir_se');
insert into dt_floors (id, name) values (102, 'mirroir_so');
insert into dt_floors (id, name) values (103, 'mirroir_no');
insert into dt_floors (id, name) values (104, 'fletrissure');
insert into dt_floors (id, name) values (105, 'tenebresmagiques');

-- Walls
insert into dt_walls (id, name, type) values (1, 'vide', 'ouvert_ldv');
insert into dt_walls (id, name, type) values (2, 'mur', 'fermee');
insert into dt_walls (id, name, type) values (3, 'murbrise', 'ouvert_ldv');
insert into dt_walls (id, name, type) values (4, 'herse', 'fermee');
insert into dt_walls (id, name, type) values (5, 'hersebrisee', 'ouvert_ldv');
insert into dt_walls (id, name, type) values (6, 'herseouverte', 'ouvert');
insert into dt_walls (id, name, type) values (7, 'torche', 'fermee');
insert into dt_walls (id, name, type) values (8, 'torcheprise', 'fermee');
insert into dt_walls (id, name, type) values (9, 'meurtriere', 'semiouvert');
insert into dt_walls (id, name, type) values (10, 'passagesecret', 'fermee');
insert into dt_walls (id, name, type) values (11, 'toile', 'fermee');
insert into dt_walls (id, name, type) values (13, 'pentemontante', 'ldv');
insert into dt_walls (id, name, type) values (14, 'pentedescendante', 'ldv');
insert into dt_walls (id, name, type) values (15, 'cle', 'fermee');
insert into dt_walls (id, name, type) values (16, 'cleprise', 'fermee');
insert into dt_walls (id, name, type) values (17, 'portail', 'portail');
insert into dt_walls (id, name, type) values (18, 'murportail', 'fermee');

-- Rooms base
insert into dt_rooms (id, number, rotation) values (1, '1', 1);
insert into dt_rooms_extensions (dtroom_id, dtextension_id) values (1, 1);
insert into dt_rooms (id, number, rotation) values (2, '1', 2);
insert into dt_rooms_extensions (dtroom_id, dtextension_id) values (2, 1);
insert into dt_rooms (id, number, rotation) values (3, '2', 1);
insert into dt_rooms_extensions (dtroom_id, dtextension_id) values (3, 1);
insert into dt_rooms (id, number, rotation) values (4, '2', 2);
insert into dt_rooms_extensions (dtroom_id, dtextension_id) values (4, 1);
insert into dt_rooms (id, number, rotation) values (5, '3', 1);
insert into dt_rooms_extensions (dtroom_id, dtextension_id) values (5, 1);
insert into dt_rooms (id, number, rotation) values (6, '3', 2);
insert into dt_rooms_extensions (dtroom_id, dtextension_id) values (6, 1);
insert into dt_rooms (id, number, rotation) values (7, '4', 1);
insert into dt_rooms_extensions (dtroom_id, dtextension_id) values (7, 1);
insert into dt_rooms (id, number, rotation) values (8, '4', 2);
insert into dt_rooms_extensions (dtroom_id, dtextension_id) values (8, 1);

-- Rooms 34j
insert into dt_rooms (id, number, rotation) values (9, '9', 1);
insert into dt_rooms_extensions (dtroom_id, dtextension_id) values (9, 2);
insert into dt_rooms (id, number, rotation) values (10, '9', 2);
insert into dt_rooms_extensions (dtroom_id, dtextension_id) values (10, 2);
insert into dt_rooms (id, number, rotation) values (11, '10', 1);
insert into dt_rooms_extensions (dtroom_id, dtextension_id) values (11, 2);
insert into dt_rooms (id, number, rotation) values (12, '10', 2);
insert into dt_rooms_extensions (dtroom_id, dtextension_id) values (12, 2);
insert into dt_rooms (id, number, rotation) values (13, '11', 1);
insert into dt_rooms_extensions (dtroom_id, dtextension_id) values (13, 2);
insert into dt_rooms (id, number, rotation) values (14, '11', 2);
insert into dt_rooms_extensions (dtroom_id, dtextension_id) values (14, 2);
insert into dt_rooms (id, number, rotation) values (15, '12', 1);
insert into dt_rooms_extensions (dtroom_id, dtextension_id) values (15, 2);
insert into dt_rooms (id, number, rotation) values (16, '12', 2);
insert into dt_rooms_extensions (dtroom_id, dtextension_id) values (16, 2);

-- Rooms p&d
insert into dt_rooms (id, number, rotation) values (17, '5', 1);
insert into dt_rooms_extensions (dtroom_id, dtextension_id) values (17, 3);
insert into dt_rooms (id, number, rotation) values (18, '5', 2);
insert into dt_rooms_extensions (dtroom_id, dtextension_id) values (18, 3);
insert into dt_rooms (id, number, rotation) values (19, '6', 1);
insert into dt_rooms_extensions (dtroom_id, dtextension_id) values (19, 3);
insert into dt_rooms (id, number, rotation) values (20, '6', 2);
insert into dt_rooms_extensions (dtroom_id, dtextension_id) values (20, 3);
insert into dt_rooms (id, number, rotation) values (21, '7', 1);
insert into dt_rooms_extensions (dtroom_id, dtextension_id) values (21, 3);
insert into dt_rooms (id, number, rotation) values (22, '7', 2);
insert into dt_rooms_extensions (dtroom_id, dtextension_id) values (22, 3);
insert into dt_rooms (id, number, rotation) values (23, '8', 1);
insert into dt_rooms_extensions (dtroom_id, dtextension_id) values (23, 3);
insert into dt_rooms (id, number, rotation) values (24, '8', 2);
insert into dt_rooms_extensions (dtroom_id, dtextension_id) values (24, 3);

-- Rooms eaufeu
insert into dt_rooms (id, number, rotation) values (25, '13', 1);
insert into dt_rooms_extensions (dtroom_id, dtextension_id) values (25, 4);
insert into dt_rooms (id, number, rotation) values (26, '13', 2);
insert into dt_rooms_extensions (dtroom_id, dtextension_id) values (26, 4);
insert into dt_rooms (id, number, rotation) values (27, '14', 1);
insert into dt_rooms_extensions (dtroom_id, dtextension_id) values (27, 4);
insert into dt_rooms (id, number, rotation) values (28, '14', 2);
insert into dt_rooms_extensions (dtroom_id, dtextension_id) values (28, 4);
insert into dt_rooms (id, number, rotation) values (29, '15', 1);
insert into dt_rooms_extensions (dtroom_id, dtextension_id) values (29, 4);
insert into dt_rooms (id, number, rotation) values (30, '15', 2);
insert into dt_rooms_extensions (dtroom_id, dtextension_id) values (30, 4);
insert into dt_rooms (id, number, rotation) values (31, '16', 1);
insert into dt_rooms_extensions (dtroom_id, dtextension_id) values (31, 4);
insert into dt_rooms (id, number, rotation) values (32, '16', 2);
insert into dt_rooms_extensions (dtroom_id, dtextension_id) values (32, 4);

-- Rooms pdt
insert into dt_rooms (id, number, rotation) values (33, '17', 1);
insert into dt_rooms_extensions (dtroom_id, dtextension_id) values (33, 5);
insert into dt_rooms (id, number, rotation) values (34, '17', 2);
insert into dt_rooms_extensions (dtroom_id, dtextension_id) values (34, 5);
insert into dt_rooms (id, number, rotation) values (35, '18', 1);
insert into dt_rooms_extensions (dtroom_id, dtextension_id) values (35, 5);
insert into dt_rooms (id, number, rotation) values (36, '18', 2);
insert into dt_rooms_extensions (dtroom_id, dtextension_id) values (36, 5);
insert into dt_rooms (id, number, rotation) values (37, '19', 1);
insert into dt_rooms_extensions (dtroom_id, dtextension_id) values (37, 5);
insert into dt_rooms (id, number, rotation) values (38, '19', 2);
insert into dt_rooms_extensions (dtroom_id, dtextension_id) values (38, 5);
insert into dt_rooms (id, number, rotation) values (39, '20', 1);
insert into dt_rooms_extensions (dtroom_id, dtextension_id) values (39, 5);
insert into dt_rooms (id, number, rotation) values (40, '20', 2);
insert into dt_rooms_extensions (dtroom_id, dtextension_id) values (40, 5);

-- Rooms mercenaires
insert into dt_rooms (id, number, rotation) values (41, '21', 1);
insert into dt_rooms_extensions (dtroom_id, dtextension_id) values (41, 6);
insert into dt_rooms (id, number, rotation) values (42, '21', 2);
insert into dt_rooms_extensions (dtroom_id, dtextension_id) values (42, 6);
insert into dt_rooms (id, number, rotation) values (43, '22', 1);
insert into dt_rooms_extensions (dtroom_id, dtextension_id) values (43, 6);
insert into dt_rooms (id, number, rotation) values (44, '22', 2);
insert into dt_rooms_extensions (dtroom_id, dtextension_id) values (44, 6);
insert into dt_rooms (id, number, rotation) values (45, '23', 1);
insert into dt_rooms_extensions (dtroom_id, dtextension_id) values (45, 6);
insert into dt_rooms (id, number, rotation) values (46, '23', 2);
insert into dt_rooms_extensions (dtroom_id, dtextension_id) values (46, 6);
insert into dt_rooms (id, number, rotation) values (47, '24', 1);
insert into dt_rooms_extensions (dtroom_id, dtextension_id) values (47, 6);
insert into dt_rooms (id, number, rotation) values (48, '24', 2);
insert into dt_rooms_extensions (dtroom_id, dtextension_id) values (48, 6);

-- Rooms afas
insert into dt_rooms (id, number, rotation) values (49, '25', 1);
insert into dt_rooms_extensions (dtroom_id, dtextension_id) values (49, 7);
insert into dt_rooms (id, number, rotation) values (50, '25', 2);
insert into dt_rooms_extensions (dtroom_id, dtextension_id) values (50, 7);
insert into dt_rooms (id, number, rotation) values (51, '26', 1);
insert into dt_rooms_extensions (dtroom_id, dtextension_id) values (51, 7);
insert into dt_rooms (id, number, rotation) values (52, '26', 2);
insert into dt_rooms_extensions (dtroom_id, dtextension_id) values (52, 7);
insert into dt_rooms (id, number, rotation) values (53, '27', 1);
insert into dt_rooms_extensions (dtroom_id, dtextension_id) values (53, 7);
insert into dt_rooms (id, number, rotation) values (54, '27', 2);
insert into dt_rooms_extensions (dtroom_id, dtextension_id) values (54, 7);
insert into dt_rooms (id, number, rotation) values (55, '28', 1);
insert into dt_rooms_extensions (dtroom_id, dtextension_id) values (55, 7);
insert into dt_rooms (id, number, rotation) values (56, '28', 2);
insert into dt_rooms_extensions (dtroom_id, dtextension_id) values (56, 7);

-- Rooms cs
insert into dt_rooms (id, number, rotation) values (57, '29', 1);
insert into dt_rooms_extensions (dtroom_id, dtextension_id) values (57, 8);
insert into dt_rooms (id, number, rotation) values (58, '29', 2);
insert into dt_rooms_extensions (dtroom_id, dtextension_id) values (58, 8);
insert into dt_rooms (id, number, rotation) values (59, '30', 1);
insert into dt_rooms_extensions (dtroom_id, dtextension_id) values (59, 8);
insert into dt_rooms (id, number, rotation) values (60, '30', 2);
insert into dt_rooms_extensions (dtroom_id, dtextension_id) values (60, 8);
insert into dt_rooms (id, number, rotation) values (61, '31', 1);
insert into dt_rooms_extensions (dtroom_id, dtextension_id) values (61, 8);
insert into dt_rooms (id, number, rotation) values (62, '31', 2);
insert into dt_rooms_extensions (dtroom_id, dtextension_id) values (62, 8);
insert into dt_rooms (id, number, rotation) values (63, '32', 1);
insert into dt_rooms_extensions (dtroom_id, dtextension_id) values (63, 8);
insert into dt_rooms (id, number, rotation) values (64, '32', 2);
insert into dt_rooms_extensions (dtroom_id, dtextension_id) values (64, 8);

-- Rooms tdg
insert into dt_rooms (id, number, rotation) values (65, '33', 1);
insert into dt_rooms_extensions (dtroom_id, dtextension_id) values (65, 9);
insert into dt_rooms (id, number, rotation) values (66, '33', 2);
insert into dt_rooms_extensions (dtroom_id, dtextension_id) values (66, 9);
insert into dt_rooms (id, number, rotation) values (67, '34', 1);
insert into dt_rooms_extensions (dtroom_id, dtextension_id) values (67, 9);
insert into dt_rooms (id, number, rotation) values (68, '34', 2);
insert into dt_rooms_extensions (dtroom_id, dtextension_id) values (68, 9);
insert into dt_rooms (id, number, rotation) values (69, '35', 1);
insert into dt_rooms_extensions (dtroom_id, dtextension_id) values (69, 9);
insert into dt_rooms (id, number, rotation) values (70, '35', 2);
insert into dt_rooms_extensions (dtroom_id, dtextension_id) values (70, 9);
insert into dt_rooms (id, number, rotation) values (71, '36', 1);
insert into dt_rooms_extensions (dtroom_id, dtextension_id) values (71, 9);
insert into dt_rooms (id, number, rotation) values (72, '36', 2);
insert into dt_rooms_extensions (dtroom_id, dtextension_id) values (72, 9);

-- Rooms prison
insert into dt_rooms (id, number, rotation) values (73, '37', 1);
insert into dt_rooms_extensions (dtroom_id, dtextension_id) values (73, 10);
insert into dt_rooms (id, number, rotation) values (74, '37', 2);
insert into dt_rooms_extensions (dtroom_id, dtextension_id) values (74, 10);
insert into dt_rooms (id, number, rotation) values (75, '38', 1);
insert into dt_rooms_extensions (dtroom_id, dtextension_id) values (75, 10);
insert into dt_rooms (id, number, rotation) values (76, '38', 2);
insert into dt_rooms_extensions (dtroom_id, dtextension_id) values (76, 10);
insert into dt_rooms (id, number, rotation) values (77, '39', 1);
insert into dt_rooms_extensions (dtroom_id, dtextension_id) values (77, 10);
insert into dt_rooms (id, number, rotation) values (78, '39', 2);
insert into dt_rooms_extensions (dtroom_id, dtextension_id) values (78, 10);
insert into dt_rooms (id, number, rotation) values (79, '40', 1);
insert into dt_rooms_extensions (dtroom_id, dtextension_id) values (79, 10);
insert into dt_rooms (id, number, rotation) values (80, '40', 2);
insert into dt_rooms_extensions (dtroom_id, dtextension_id) values (80, 10);

-- Rooms goodies
insert into dt_rooms (id, number, rotation) values (81, 'P1', 1);
insert into dt_rooms_extensions (dtroom_id, dtextension_id) values (81, 20);
insert into dt_rooms (id, number, rotation) values (82, 'P1', 2);
insert into dt_rooms_extensions (dtroom_id, dtextension_id) values (82, 20);
insert into dt_rooms (id, number, rotation) values (83, 'P2', 1);
insert into dt_rooms_extensions (dtroom_id, dtextension_id) values (83, 21);
insert into dt_rooms (id, number, rotation) values (84, 'P2', 2);
insert into dt_rooms_extensions (dtroom_id, dtextension_id) values (84, 21);
insert into dt_rooms (id, number, rotation) values (85, 'P3', 1);
insert into dt_rooms_extensions (dtroom_id, dtextension_id) values (85, 21);
insert into dt_rooms (id, number, rotation) values (86, 'P3', 2);
insert into dt_rooms_extensions (dtroom_id, dtextension_id) values (86, 21);

-- Rooms MS
insert into dt_rooms (id, number, rotation) values (87, 'E1', 1);
insert into dt_rooms_extensions (dtroom_id, dtextension_id) values (87, 30);
insert into dt_rooms (id, number, rotation) values (88, 'E1', 2);
insert into dt_rooms_extensions (dtroom_id, dtextension_id) values (88, 30);
insert into dt_rooms (id, number, rotation) values (89, 'E2', 1);
insert into dt_rooms_extensions (dtroom_id, dtextension_id) values (89, 30);
insert into dt_rooms (id, number, rotation) values (90, 'E2', 2);
insert into dt_rooms_extensions (dtroom_id, dtextension_id) values (90, 30);
insert into dt_rooms (id, number, rotation) values (91, 'E3', 1);
insert into dt_rooms_extensions (dtroom_id, dtextension_id) values (91, 30);
insert into dt_rooms (id, number, rotation) values (92, 'E3', 2);
insert into dt_rooms_extensions (dtroom_id, dtextension_id) values (92, 30);
insert into dt_rooms (id, number, rotation) values (93, 'E4', 1);
insert into dt_rooms_extensions (dtroom_id, dtextension_id) values (83, 30);
insert into dt_rooms (id, number, rotation) values (94, 'E4', 2);
insert into dt_rooms_extensions (dtroom_id, dtextension_id) values (94, 30);

-- Rooms DA
insert into dt_rooms (id, number, rotation) values (95, 'E5', 1);
insert into dt_rooms_extensions (dtroom_id, dtextension_id) values (95, 31);
insert into dt_rooms (id, number, rotation) values (96, 'E5', 2);
insert into dt_rooms_extensions (dtroom_id, dtextension_id) values (96, 31);
insert into dt_rooms (id, number, rotation) values (97, 'E6', 1);
insert into dt_rooms_extensions (dtroom_id, dtextension_id) values (97, 31);
insert into dt_rooms (id, number, rotation) values (98, 'E6', 2);
insert into dt_rooms_extensions (dtroom_id, dtextension_id) values (98, 31);
insert into dt_rooms (id, number, rotation) values (99, 'E7', 1);
insert into dt_rooms_extensions (dtroom_id, dtextension_id) values (99, 31);
insert into dt_rooms (id, number, rotation) values (100, 'E7', 2);
insert into dt_rooms_extensions (dtroom_id, dtextension_id) values (100, 31);
insert into dt_rooms (id, number, rotation) values (101, 'E8', 1);
insert into dt_rooms_extensions (dtroom_id, dtextension_id) values (101, 31);
insert into dt_rooms (id, number, rotation) values (102, 'E8', 2);
insert into dt_rooms_extensions (dtroom_id, dtextension_id) values (102, 31);

-- Rooms FO
insert into dt_rooms (id, number, rotation) values (103, 'E9', 1);
insert into dt_rooms_extensions (dtroom_id, dtextension_id) values (103, 32);
insert into dt_rooms (id, number, rotation) values (104, 'E9', 2);
insert into dt_rooms_extensions (dtroom_id, dtextension_id) values (104, 32);
insert into dt_rooms (id, number, rotation) values (105, 'E10', 1);
insert into dt_rooms_extensions (dtroom_id, dtextension_id) values (105, 32);
insert into dt_rooms (id, number, rotation) values (106, 'E10', 2);
insert into dt_rooms_extensions (dtroom_id, dtextension_id) values (106, 32);
insert into dt_rooms (id, number, rotation) values (107, 'E11', 1);
insert into dt_rooms_extensions (dtroom_id, dtextension_id) values (107, 32);
insert into dt_rooms (id, number, rotation) values (108, 'E11', 2);
insert into dt_rooms_extensions (dtroom_id, dtextension_id) values (108, 32);
insert into dt_rooms (id, number, rotation) values (109, 'E12', 1);
insert into dt_rooms_extensions (dtroom_id, dtextension_id) values (109, 32);
insert into dt_rooms (id, number, rotation) values (110, 'E12', 2);
insert into dt_rooms_extensions (dtroom_id, dtextension_id) values (110, 32);

-- Rooms TC
insert into dt_rooms (id, number, rotation) values (111, 'E13', 1);
insert into dt_rooms_extensions (dtroom_id, dtextension_id) values (111, 34);
insert into dt_rooms (id, number, rotation) values (112, 'E13', 2);
insert into dt_rooms_extensions (dtroom_id, dtextension_id) values (112, 34);
insert into dt_rooms (id, number, rotation) values (113, 'E14', 1);
insert into dt_rooms_extensions (dtroom_id, dtextension_id) values (113, 34);
insert into dt_rooms (id, number, rotation) values (114, 'E14', 2);
insert into dt_rooms_extensions (dtroom_id, dtextension_id) values (114, 34);
insert into dt_rooms (id, number, rotation) values (115, 'E15', 1);
insert into dt_rooms_extensions (dtroom_id, dtextension_id) values (115, 34);
insert into dt_rooms (id, number, rotation) values (116, 'E15', 2);
insert into dt_rooms_extensions (dtroom_id, dtextension_id) values (116, 34);
insert into dt_rooms (id, number, rotation) values (117, 'E16', 1);
insert into dt_rooms_extensions (dtroom_id, dtextension_id) values (117, 34);
insert into dt_rooms (id, number, rotation) values (118, 'E16', 2);
insert into dt_rooms_extensions (dtroom_id, dtextension_id) values (118, 34);

-- Rooms CM
insert into dt_rooms (id, number, rotation) values (119, 'E17', 1);
insert into dt_rooms_extensions (dtroom_id, dtextension_id) values (119, 33);
insert into dt_rooms (id, number, rotation) values (120, 'E17', 2);
insert into dt_rooms_extensions (dtroom_id, dtextension_id) values (120, 33);
insert into dt_rooms (id, number, rotation) values (121, 'E18', 1);
insert into dt_rooms_extensions (dtroom_id, dtextension_id) values (121, 33);
insert into dt_rooms (id, number, rotation) values (122, 'E18', 2);
insert into dt_rooms_extensions (dtroom_id, dtextension_id) values (122, 33);
insert into dt_rooms (id, number, rotation) values (123, 'E19', 1);
insert into dt_rooms_extensions (dtroom_id, dtextension_id) values (123, 33);
insert into dt_rooms (id, number, rotation) values (124, 'E19', 2);
insert into dt_rooms_extensions (dtroom_id, dtextension_id) values (124, 33);
insert into dt_rooms (id, number, rotation) values (125, 'E20', 1);
insert into dt_rooms_extensions (dtroom_id, dtextension_id) values (125, 33);
insert into dt_rooms (id, number, rotation) values (126, 'E20', 2);
insert into dt_rooms_extensions (dtroom_id, dtextension_id) values (126, 33);

-- Rooms goodies non official
insert into dt_rooms (id, number, rotation) values (127, 'S1', 1);
insert into dt_rooms_extensions (dtroom_id, dtextension_id) values (127, 40);
insert into dt_rooms (id, number, rotation) values (128, 'S1', 2);
insert into dt_rooms_extensions (dtroom_id, dtextension_id) values (128, 40);
insert into dt_rooms (id, number, rotation) values (129, 'S2', 1);
insert into dt_rooms_extensions (dtroom_id, dtextension_id) values (129, 40);
insert into dt_rooms (id, number, rotation) values (130, 'S2', 2);
insert into dt_rooms_extensions (dtroom_id, dtextension_id) values (130, 40);

-- Tiles (Light for darkness)
insert into dt_tiles (id, name, size) values (1, 'dalle-1', 3);
insert into dt_tiles_extensions (dttile_id, dtextension_id) values (1, 5);
insert into dt_tiles (id, name, size) values (2, 'dalle-2', 3);
insert into dt_tiles_extensions (dttile_id, dtextension_id) values (2, 5);
insert into dt_tiles (id, name, size) values (3, 'dalle-3', 3);
insert into dt_tiles_extensions (dttile_id, dtextension_id) values (3, 5);
insert into dt_tiles (id, name, size) values (4, 'dalle-4', 3);
insert into dt_tiles_extensions (dttile_id, dtextension_id) values (4, 5);
insert into dt_tiles (id, name, size) values (5, 'dalle-5', 3);
insert into dt_tiles_extensions (dttile_id, dtextension_id) values (5, 5);
insert into dt_tiles (id, name, size) values (6, 'dalle-6', 3);
insert into dt_tiles_extensions (dttile_id, dtextension_id) values (6, 5);
insert into dt_tiles (id, name, size) values (7, 'dalle-7', 3);
insert into dt_tiles_extensions (dttile_id, dtextension_id) values (7, 5);
insert into dt_tiles (id, name, size) values (8, 'dalle-8', 3);
insert into dt_tiles_extensions (dttile_id, dtextension_id) values (8, 5);
insert into dt_tiles (id, name, size) values (9, 'dalle-9', 3);
insert into dt_tiles_extensions (dttile_id, dtextension_id) values (9, 5);
insert into dt_tiles (id, name, size) values (10, 'dalle-10', 2);
insert into dt_tiles_extensions (dttile_id, dtextension_id) values (10, 5);
insert into dt_tiles (id, name, size) values (11, 'dalle-11', 2);
insert into dt_tiles_extensions (dttile_id, dtextension_id) values (11, 5);
insert into dt_tiles (id, name, size) values (12, 'dalle-12', 2);
insert into dt_tiles_extensions (dttile_id, dtextension_id) values (12, 5);
insert into dt_tiles (id, name, size) values (13, 'dalle-13', 2);
insert into dt_tiles_extensions (dttile_id, dtextension_id) values (13, 5);
insert into dt_tiles (id, name, size) values (14, 'dalle-14', 2);
insert into dt_tiles_extensions (dttile_id, dtextension_id) values (14, 5);
insert into dt_tiles (id, name, size) values (15, 'dalle-15', 2);
insert into dt_tiles_extensions (dttile_id, dtextension_id) values (15, 5);
insert into dt_tiles (id, name, size) values (16, 'dalle-16', 2);
insert into dt_tiles_extensions (dttile_id, dtextension_id) values (16, 5);
insert into dt_tiles (id, name, size) values (17, 'dalle-17', 2);
insert into dt_tiles_extensions (dttile_id, dtextension_id) values (17, 5);
insert into dt_tiles (id, name, size) values (18, 'dalle-18', 2);
insert into dt_tiles_extensions (dttile_id, dtextension_id) values (18, 5);
insert into dt_tiles (id, name, size) values (19, 'dalle-19', 2);
insert into dt_tiles_extensions (dttile_id, dtextension_id) values (19, 5);
insert into dt_tiles (id, name, size) values (20, 'dalle-20', 2);
insert into dt_tiles_extensions (dttile_id, dtextension_id) values (20, 5);
insert into dt_tiles (id, name, size) values (21, 'dalle-21', 1);
insert into dt_tiles_extensions (dttile_id, dtextension_id) values (21, 5);
insert into dt_tiles (id, name, size) values (22, 'dalle-22', 1);
insert into dt_tiles_extensions (dttile_id, dtextension_id) values (22, 5);
insert into dt_tiles (id, name, size) values (23, 'dalle-23', 1);
insert into dt_tiles_extensions (dttile_id, dtextension_id) values (23, 5);
insert into dt_tiles (id, name, size) values (24, 'dalle-24', 1);
insert into dt_tiles_extensions (dttile_id, dtextension_id) values (24, 5);
insert into dt_tiles (id, name, size) values (25, 'dalle-25', 1);
insert into dt_tiles_extensions (dttile_id, dtextension_id) values (25, 5);
insert into dt_tiles (id, name, size) values (26, 'dalle-26', 1);
insert into dt_tiles_extensions (dttile_id, dtextension_id) values (26, 5);
insert into dt_tiles (id, name, size) values (27, 'dalle-27', 1);
insert into dt_tiles_extensions (dttile_id, dtextension_id) values (27, 5);
insert into dt_tiles (id, name, size) values (28, 'dalle-28', 1);
insert into dt_tiles_extensions (dttile_id, dtextension_id) values (28, 5);
insert into dt_tiles (id, name, size) values (29, 'dalle-29', 1);
insert into dt_tiles_extensions (dttile_id, dtextension_id) values (29, 5);
insert into dt_tiles (id, name, size) values (30, 'dalle-30', 1);
insert into dt_tiles_extensions (dttile_id, dtextension_id) values (30, 5);
insert into dt_tiles (id, name, size) values (31, 'dalle-31', 3);
insert into dt_tiles_extensions (dttile_id, dtextension_id) values (31, 32);
insert into dt_tiles (id, name, size) values (32, 'dalle-32', 3);
insert into dt_tiles_extensions (dttile_id, dtextension_id) values (32, 32);
insert into dt_tiles (id, name, size) values (33, 'dalle-33', 3);
insert into dt_tiles_extensions (dttile_id, dtextension_id) values (33, 32);
insert into dt_tiles (id, name, size) values (34, 'dalle-34', 3);
insert into dt_tiles_extensions (dttile_id, dtextension_id) values (34, 32);
insert into dt_tiles (id, name, size) values (35, 'dalle-35', 3);
insert into dt_tiles_extensions (dttile_id, dtextension_id) values (35, 32);
insert into dt_tiles (id, name, size) values (36, 'dalle-36', 3);
insert into dt_tiles_extensions (dttile_id, dtextension_id) values (36, 32);
insert into dt_tiles (id, name, size) values (37, 'dalle-37', 2);
insert into dt_tiles_extensions (dttile_id, dtextension_id) values (37, 32);
insert into dt_tiles (id, name, size) values (38, 'dalle-38', 2);
insert into dt_tiles_extensions (dttile_id, dtextension_id) values (38, 32);
insert into dt_tiles (id, name, size) values (39, 'dalle-39', 2);
insert into dt_tiles_extensions (dttile_id, dtextension_id) values (39, 32);
insert into dt_tiles (id, name, size) values (40, 'dalle-40', 2);
insert into dt_tiles_extensions (dttile_id, dtextension_id) values (40, 32);
insert into dt_tiles (id, name, size) values (41, 'dalle-41', 1);
insert into dt_tiles_extensions (dttile_id, dtextension_id) values (41, 32);
insert into dt_tiles (id, name, size) values (42, 'dalle-42', 1);
insert into dt_tiles_extensions (dttile_id, dtextension_id) values (42, 32);
insert into dt_tiles (id, name, size) values (43, 'dalle-43', 1);
insert into dt_tiles_extensions (dttile_id, dtextension_id) values (43, 32);